Direccion;Latitud;Longitud;Coordenadas
Ctra de Loeches, 51;40.304097558901;-3.44505548389231;40.304097558901, -3.44505548389231
Parking Metro;40.3036125835102;-3.44700145853453;40.3036125835102, -3.44700145853453
Parking Metro;40.3036340572965;-3.44700165067703;40.3036340572965, -3.44700165067703
Parking Metro;40.30365963173;-3.44700450573791;40.30365963173, -3.44700450573791
Parking Metro;40.3035870468371;-3.44699862373033;40.3035870468371, -3.44699862373033
Calle  Flor de Lis, 1;40.3036142008081;-3.44345987212414;40.3036142008081, -3.44345987212414
Calle  Miralparque, 3;40.3036864997997;-3.44299485256291;40.3036864997997, -3.44299485256291
Calle  Miralparque, 15;40.3036100484656;-3.44265246797915;40.3036100484656, -3.44265246797915
Urb  Gran Hábitat, 4;40.3038660401144;-3.44091458082429;40.3038660401144, -3.44091458082429
Urb  Gran Hábitat, 7;40.3036458596565;-3.44031060391646;40.3036458596565, -3.44031060391646
Urb  Gran Hábitat, 7;40.303613501003;-3.44021637971013;40.303613501003, -3.44021637971013
Calle  Doctor Marañón, 3;40.3035094024722;-3.43833542345042;40.3035094024722, -3.43833542345042
Calle  Puerta del Campo, 35;40.3031909045959;-3.43690606755502;40.3031909045959, -3.43690606755502
Calle  Doctor Ochoa, 7;40.3033014400538;-3.43882124085429;40.3033014400538, -3.43882124085429
Calle  Jacinto Benavente, 5;40.3032442630038;-3.43923139285243;40.3032442630038, -3.43923139285243
Calle  Jacinto Benavente, 1;40.3029609427001;-3.43934596413787;40.3029609427001, -3.43934596413787
Calle  Doctor Barraquer, 1;40.3029899867314;-3.43974200838297;40.3029899867314, -3.43974200838297
Calle  Francisco Rabal, 19;40.303019202136;-3.4418665551514;40.303019202136, -3.4418665551514
Calle  Inmaculada Concepción, 1;40.302624927755;-3.44695887045929;40.302624927755, -3.44695887045929
Calle  Virgen de los Reyes, 3;40.3025587211726;-3.44652421610918;40.3025587211726, -3.44652421610918
Calle  Virgen del Rosario, 3;40.302374087487;-3.44620058909624;40.302374087487, -3.44620058909624
Calle  Virgen del Rosario, 8;40.3024857512257;-3.4459814332383;40.3024857512257, -3.4459814332383
Parking Era Vedia;40.3020702452896;-3.44337713099925;40.3020702452896, -3.44337713099925
Calle  Santa Teresa, 3;40.3026482241788;-3.44110323521463;40.3026482241788, -3.44110323521463
Calle  Dulcinea del Toboso, 5;40.3022432834001;-3.44004510038364;40.3022432834001, -3.44004510038364
Calle  Don Diego, 31;40.3021953674494;-3.43887818411841;40.3021953674494, -3.43887818411841
Calle  Escultor José Ginés, 2;40.3017614426085;-3.44455720125997;40.3017614426085, -3.44455720125997
Calle de los Ángeles, 10;40.301687799474;-3.44243077683677;40.301687799474, -3.44243077683677
Calle  Don Quijote de la Mancha, 4;40.3011247579486;-3.44425279133455;40.3011247579486, -3.44425279133455
Calle  Juan de la Cierva, 2;40.3009583162777;-3.4385320608277;40.3009583162777, -3.4385320608277
Plaza de la Solanilla, 1;40.3010222705317;-3.4375183458782;40.3010222705317, -3.4375183458782
Ronda del Olivar, 47;40.3013590004684;-3.43471831066275;40.3013590004684, -3.43471831066275
Calle  Real, 52;40.2999896151017;-3.43606547592939;40.2999896151017, -3.43606547592939
Calle  Real, 66;40.2995077830083;-3.43482764293806;40.2995077830083, -3.43482764293806
Calle  Real, 110;40.2982689255745;-3.4315709919557;40.2982689255745, -3.4315709919557
Calle de las Heras, 21;40.2982005696144;-3.43401786258559;40.2982005696144, -3.43401786258559
Calle  Quevedo, 17;40.2989354288855;-3.43705011215634;40.2989354288855, -3.43705011215634
Calle  Palomar, 2;40.2992809199268;-3.44191832916933;40.2992809199268, -3.44191832916933
Calle  Pablo Iglesias, 1;40.3009357419842;-3.44338200007055;40.3009357419842, -3.44338200007055
Calle  Leonor de Cortinas, 12;40.3004993817339;-3.44336738414427;40.3004993817339, -3.44336738414427
Calle  Leonor de Cortinas, 7;40.3006399262047;-3.44480089901103;40.3006399262047, -3.44480089901103
Calle  Cortinas de Cervantes, 4;40.3008646554899;-3.44697636221219;40.3008646554899, -3.44697636221219
Calle  Catamarán, 3;40.2947158007371;-3.43724633349118;40.2947158007371, -3.43724633349118
Calle del Velero, 2;40.2963202609865;-3.43291724686684;40.2963202609865, -3.43291724686684
Calle  Mar de Alborán, 1;40.2959489977682;-3.43236357787941;40.2959489977682, -3.43236357787941
Col de los Almendros, 10;40.2912022924103;-3.4425646721463;40.2912022924103, -3.4425646721463
Col de los Almendros, 13;40.2913004668155;-3.44229159944086;40.2913004668155, -3.44229159944086
Col de los Almendros, 11;40.2912395313569;-3.44218438704598;40.2912395313569, -3.44218438704598
Calle  Monte Acho, 9;40.3153673509215;-3.48224675581625;40.3153673509215, -3.48224675581625
Calle  Monte Real, 5;40.315602438223;-3.48115265947797;40.315602438223, -3.48115265947797
Calle  Monte Alto, 2;40.3153188038731;-3.48085481708682;40.3153188038731, -3.48085481708682
Calle  Isla Graciosa, 16;40.3145386311873;-3.47970025904684;40.3145386311873, -3.47970025904684
Calle  Formentera, 1;40.3133650738321;-3.47837509010656;40.3133650738321, -3.47837509010656
Calle  Formentera, 1;40.3132598624318;-3.47841046562605;40.3132598624318, -3.47841046562605
Calle  Mallorca, 1;40.3134012160924;-3.47631660742514;40.3134012160924, -3.47631660742514
Calle  Mallorca, 1;40.3133070944935;-3.47634484143122;40.3133070944935, -3.47634484143122
Avda de la Estrella de Oriente, 3;40.3151211708006;-3.47760731051102;40.3151211708006, -3.47760731051102
Urb. de la Estrella de Oriente, 3;40.3151738876564;-3.4768925219673;40.3151738876564, -3.4768925219673
Avda del Niño Jesús, 5;40.3153127523721;-3.47674179869938;40.3153127523721, -3.47674179869938
Avda del Niño Jesús, 5;40.3152974130966;-3.47643828931322;40.3152974130966, -3.47643828931322
Avda de la Estrella de Oriente, 7;40.3156420608533;-3.47600005465664;40.3156420608533, -3.47600005465664
Avda de la Estrella de Oriente, 6;40.3152393959861;-3.47594237485619;40.3152393959861, -3.47594237485619
Urb. de la Estrella de Oriente, 6;40.3152383577203;-3.47588947486952;40.3152383577203, -3.47588947486952
Avda de la Estrella de Oriente, 8;40.3151989617403;-3.47519127308221;40.3151989617403, -3.47519127308221
Avda de los Derechos Humanos, 14;40.3078964038623;-3.44496299540413;40.3078964038623, -3.44496299540413
Avda  República Argentina, 45;40.3102707864299;-3.45384134390811;40.3102707864299, -3.45384134390811
Ctra Loeches-C/ Los Angeles;40.3023215873866;-3.44203625637399;40.3023215873866, -3.44203625637399
Calle  Juan XXIII, 18;40.2993821488597;-3.43827245748508;40.2993821488597, -3.43827245748508
Calle  Juan de Austria, 1;40.2981794773283;-3.4328709422853;40.2981794773283, -3.4328709422853
Paseo de la Ilusión, 5;40.3075064535035;-3.44173208328458;40.3075064535035, -3.44173208328458
Calle de Alonso Quijano, 4;40.3005483073354;-3.4466940057889;40.3005483073354, -3.4466940057889
Calle Campoamor;40.3010608089177;-3.43400183700825;40.3010608089177, -3.43400183700825
Calle  Mar de Alborán, 1;40.2960369352665;-3.43231813432804;40.2960369352665, -3.43231813432804
Calle  Virgen de los Reyes, 5;40.3026982719297;-3.44635644513352;40.3026982719297, -3.44635644513352
Calle de la Felicidad, 4;40.3105539243281;-3.44485418072279;40.3105539243281, -3.44485418072279
Calle de la Felicidad, 2;40.3106986492459;-3.44485513032059;40.3106986492459, -3.44485513032059
Calle  Gomera, 12;40.3114668279544;-3.47732758052385;40.3114668279544, -3.47732758052385
Calle de San José, 28;40.2997335235339;-3.44171560947024;40.2997335235339, -3.44171560947024
Calle  Isaac Peral, 28;40.2953343200117;-3.43723243604148;40.2953343200117, -3.43723243604148
Ronda de los Almendros, 21;40.2991224081433;-3.4364894252736;40.2991224081433, -3.4364894252736
Avda del Ejército, 13;40.3016378614329;-3.44561615176995;40.3016378614329, -3.44561615176995
Calle  Mar Cantábrico, 13;40.2933002887927;-3.43025586915316;40.2933002887927, -3.43025586915316
Calle  San Roque, 7;40.2988459108442;-3.43433905763596;40.2988459108442, -3.43433905763596
Avda del Mediterráneo, 5;40.2969058747642;-3.43130092537385;40.2969058747642, -3.43130092537385
Calle  Don Diego, 29;40.3021845313679;-3.43883915663092;40.3021845313679, -3.43883915663092
Ronda de Batres, 10;40.3026132036163;-3.43838823617983;40.3026132036163, -3.43838823617983
Calle  Virgen del Pilar, 6;40.3019753698493;-3.4447302215588;40.3019753698493, -3.4447302215588
Calle  Real, 110;40.2980963474422;-3.43025258770098;40.2980963474422, -3.43025258770098
Calle  Grupo Escolar, 24;40.3026072603562;-3.43648983719365;40.3026072603562, -3.43648983719365
Avda del Mediterráneo, 18;40.2958634799205;-3.43038984063294;40.2958634799205, -3.43038984063294
Calle  Ibiza, 1;40.314279807048;-3.4774156165207;40.314279807048, -3.4774156165207
Urb. Estrella de Oriente, 5;40.3157019290801;-3.47599679474972;40.3157019290801, -3.47599679474972
Avda de la Tolerancia, 27;40.3094579803669;-3.44417466900606;40.3094579803669, -3.44417466900606
Avda  República Argentina, 4;40.3096608141226;-3.45238055520554;40.3096608141226, -3.45238055520554
Avda de la Tolerancia, 25;40.3094587505024;-3.444496304748;40.3094587505024, -3.444496304748
Calle  Noisy Le Sec, 20;40.2966113779686;-3.44428202957311;40.2966113779686, -3.44428202957311
Calle  Peñón de Gibraltar, 39;40.3006236930364;-3.44033434869177;40.3006236930364, -3.44033434869177
Calle  Monte Caro, 2;40.3166145055554;-3.47798648574906;40.3166145055554, -3.47798648574906
Calle  Josefa Salvanés, La Blanca, 4;40.2913669979002;-3.44345430144025;40.2913669979002, -3.44345430144025
Calle Campoamor;40.3008132950774;-3.4340233985768;40.3008132950774, -3.4340233985768
Col de los Almendros, 10;40.2912097312159;-3.44292281933189;40.2912097312159, -3.44292281933189
Calle  Isaac Peral, 34;40.2949746324967;-3.43678814150622;40.2949746324967, -3.43678814150622
Calle  Dulcinea del Toboso, 5;40.3009594608144;-3.44559191895068;40.3009594608144, -3.44559191895068
Calle  Doctor Marañón, 8;40.3030540232672;-3.43794726945888;40.3030540232672, -3.43794726945888
Calle  Dulcinea del Toboso, 4;40.30119856934;-3.44653542833648;40.30119856934, -3.44653542833648
Calle de las Viñas, 4;40.3045091896198;-3.44379014677657;40.3045091896198, -3.44379014677657
Calle  Siete Vientos, 52;40.2989163376398;-3.44425258734312;40.2989163376398, -3.44425258734312
Calle de la Comprensión, 8;40.3085670475429;-3.44393035792843;40.3085670475429, -3.44393035792843
Callejón de la Paloma, 1;40.2998697721398;-3.43985143982537;40.2998697721398, -3.43985143982537
Avda del Instituto, 7;40.2980783844426;-3.44024483641729;40.2980783844426, -3.44024483641729
Avda del Instituto, 13;40.2976812521086;-3.44062206644522;40.2976812521086, -3.44062206644522
Cmno del Molino, 14;40.2959910599198;-3.43260134456952;40.2959910599198, -3.43260134456952
Cmno del Molino, 3;40.2953656664989;-3.43270382379695;40.2953656664989, -3.43270382379695
Calle  Virgen de las Mercedes, 4;40.3029160986592;-3.44711303626277;40.3029160986592, -3.44711303626277
Calle de la Cruz, 19;40.2995295037069;-3.4369360254445;40.2995295037069, -3.4369360254445
Calle  Juan de Austria, 6;40.2981401906732;-3.43305001161824;40.2981401906732, -3.43305001161824
Parking Era Vedia;40.3017106508815;-3.44400776719988;40.3017106508815, -3.44400776719988
Calle  Miralparque, 15;40.3036398887985;-3.44264098718183;40.3036398887985, -3.44264098718183
Calle  Don Quijote de la Mancha, 4;40.3011619428499;-3.44425303490745;40.3011619428499, -3.44425303490745
Calle  Valle Inclán, 66;40.2969279143638;-3.44176634656653;40.2969279143638, -3.44176634656653
Calle del Portal de Belén, 36;40.3177437837925;-3.47581847241004;40.3177437837925, -3.47581847241004
Calle del Portal de Belén, 9;40.3167091939917;-3.475978590348;40.3167091939917, -3.475978590348
Calle  Piragua, 2;40.2945468893776;-3.43612075473173;40.2945468893776, -3.43612075473173
Calle  Piragua, 2;40.2944753357877;-3.43613196871969;40.2944753357877, -3.43613196871969
Calle  Piragua, 2;40.2943978520265;-3.4361353615097;40.2943978520265, -3.4361353615097
Urb. de la Estrella de Oriente, 6;40.3152327504992;-3.4758038004456;40.3152327504992, -3.4758038004456
Calle del Velero, 6;40.2955605559143;-3.43358621734873;40.2955605559143, -3.43358621734873
Calle  Maestro Miguel Chicote, 11;40.3018231175063;-3.44838032012045;40.3018231175063, -3.44838032012045
Calle  Monte Igueldo, 3;40.3153610016674;-3.48021037664226;40.3153610016674, -3.48021037664226
Ctra de Loeches, 36;40.3040220254214;-3.44459073619321;40.3040220254214, -3.44459073619321
Calle  Maestro Miguel Chicote, 11;40.3018463894935;-3.44835239780615;40.3018463894935, -3.44835239780615
Calle  Adolfo Marsillach, 8;40.3012031862013;-3.44702242394493;40.3012031862013, -3.44702242394493
Ronda de Batres, 10;40.3025946518021;-3.43832804951508;40.3025946518021, -3.43832804951508
Calle  Real, 127;40.2980735570308;-3.43027137526951;40.2980735570308, -3.43027137526951
Calle de la Cruz, 7;40.2997624766398;-3.43744293965285;40.2997624766398, -3.43744293965285
Calle de la Canoa, 5;40.2953329160697;-3.43321561716685;40.2953329160697, -3.43321561716685
Calle  Jorge Manrique, 10;40.3020865850246;-3.43400471110708;40.3020865850246, -3.43400471110708
Calle  Doctor Marañón, 4;40.302836531065;-3.43812071526657;40.302836531065, -3.43812071526657
Calle  Generosidad, 12;40.3137880004827;-3.44382840147554;40.3137880004827, -3.44382840147554
Ronda de Batres, 28;40.3028741565641;-3.44057568551417;40.3028741565641, -3.44057568551417
Calle  Real, 85;40.2990451728317;-3.4334363061404;40.2990451728317, -3.4334363061404
Calle  Noisy Le Sec, 65;40.297185181767;-3.445402772221;40.297185181767, -3.445402772221
Calle  Peñón de Gibraltar, 14;40.3001044097518;-3.44027432868403;40.3001044097518, -3.44027432868403
Calle  Puerta del Campo, 43;40.303593426961;-3.43734073800214;40.303593426961, -3.43734073800214
Ctra de Loeches, 53;40.3041982727909;-3.44516319811387;40.3041982727909, -3.44516319811387
Ctra de Loeches, 37;40.3033798020051;-3.44372555622637;40.3033798020051, -3.44372555622637
Calle  Gran Vía, 26;40.3150283246195;-3.48055215150424;40.3150283246195, -3.48055215150424
Calle  Peñón de Gibraltar, 46;40.2976638648742;-3.44115784361857;40.2976638648742, -3.44115784361857
Calle  Gustavo Adolfo Bécquer, 41;40.3023054261081;-3.43475647556119;40.3023054261081, -3.43475647556119
Calle de San José, 1;40.2992413733961;-3.44104269673573;40.2992413733961, -3.44104269673573
Calle de los Almendros, 50;40.2985362239616;-3.43433175491245;40.2985362239616, -3.43433175491245
Calle  Jorge Manrique, 3;40.3017908130643;-3.43363197888396;40.3017908130643, -3.43363197888396
Calle de la Comprensión, 16;40.307229108598;-3.44474594783422;40.307229108598, -3.44474594783422
Calle  Puerta del Campo, 12;40.3025212740583;-3.4375582955679;40.3025212740583, -3.4375582955679
Avda del Ejército, 63;40.3036889627955;-3.45079793429185;40.3036889627955, -3.45079793429185
Urb  Gran Hábitat, 8;40.3041686117807;-3.43943549777232;40.3041686117807, -3.43943549777232
Paseo de la Misericordia, 10;40.3034011861192;-3.4454478748239;40.3034011861192, -3.4454478748239
