FID,ID,NOMBRE,DESCRIPCION,DIRECCION,SDOGEOMETRIA,URL,EMAIL,CONTACTO,HORARIOS,PRECIOS,TITULARIDAD,TARJETAJOVEN,ACCESOPMR,LONGITUD
da_aparcamientosMoto.fid--175d4967_1a012c2fafb_26dc,65623,APARCAMOTOS_033,Esq. Peinado,"CALLE EDUARDO DOMÍNGUEZ ÁVILA, 19 ",POINT (-4.421669000018234 36.731155037641145),,,,Lectivos 8 a 15 h.,,MUNICIPAL,No,No,20
da_aparcamientosMoto.fid--175d4967_1a012c2fafb_26dd,65841,APARCAMOTOS_030,Esq. Paco Miranda,"CALLE CRISTO DE LA EPIDEMIA, 93 ",POINT (-4.4155510000180715 36.732542037642936),,,,24 h.,,MUNICIPAL,No,No,6
da_aparcamientosMoto.fid--175d4967_1a012c2fafb_26de,65780,APARCAMOTOS_325,,"CAMINO COLMENAR, 8 ",POINT (-4.415677830018084 36.73373063764447),,,,,,MUNICIPAL,No,No,"8,5"
da_aparcamientosMoto.fid--175d4967_1a012c2fafb_26df,75533,APARCAMOTOS_307,Esquina con Calle ODonnell,"CALLE JUAN FERNÁNDEZ SÚRIA, 2 ",POINT (-4.43876244986269 36.722144943180034),,,,Laborables de 8 a 20h,,MUNICIPAL,No,No,10
da_aparcamientosMoto.fid--175d4967_1a012c2fafb_26e0,65795,APARCAMOTOS_274,Esq. con Cl. Almería,"CALLE PADRE COLOMA, 2 ",POINT (-4.356448000016599 36.72047503762772),,,,24 h.,,MUNICIPAL,No,No,20
da_aparcamientosMoto.fid--175d4967_1a012c2fafb_26e1,65761,APARCAMOTOS_299,,"CALLE DOÑA, 52 ",POINT (-4.419032910018168 36.732870397643396),,,,,,MUNICIPAL,No,No,10
da_aparcamientosMoto.fid--175d4967_1a012c2fafb_26e2,65729,APARCAMOTOS_228,Intersección c/ Huerto del Conde,"CALLE FRAILES, 4 ",POINT (-4.417518000018105 36.724667037632905),,,,,,MUNICIPAL,No,No,10
da_aparcamientosMoto.fid--175d4967_1a012c2fafb_26e3,65786,APARCAMOTOS_255,Esq. con Cl. Somera,"CALLE MARTÍNEZ CAMPOS, 12 ",POINT (-4.423323000018228 36.7154270376212),,,,24 h.,,MUNICIPAL,No,No,12
da_aparcamientosMoto.fid--175d4967_1a012c2fafb_26e4,65625,APARCAMOTOS_064,Esq. Hurtado de Mendoza y Pedro de Quejan,"PLAZA FRANCISCO SILVELA, 3 ",POINT (-4.411833000017966 36.728173037637454),,,,24 h,,MUNICIPAL,No,No,6
da_aparcamientosMoto.fid--175d4967_1a012c2fafb_26e5,78115,APARCAMOTOS_356,,"AVENIDA DE JACINTO BENAVENTE, 27 ",POINT (-4.4255540640492494 36.75282238001731),,,,,,MUNICIPAL,No,No,10
da_aparcamientosMoto.fid--175d4967_1a012c2fafb_26e6,65684,APARCAMOTOS_159,,"AVENIDA DE JACINTO BENAVENTE, 18 ",POINT (-4.424431000018363 36.75081503766614),,,,24 h.,,MUNICIPAL,No,No,20
da_aparcamientosMoto.fid--175d4967_1a012c2fafb_26e7,65842,APARCAMOTOS_087,Esq. Maestranza,"PLAZA DEL GENERAL TORRIJOS, 3 ",POINT (-4.412138611096215 36.720143043781),,,,L a V lab 8 a 15 h.,,MUNICIPAL,No,No,78
da_aparcamientosMoto.fid--175d4967_1a012c2fafb_26e8,65774,APARCAMOTOS_314,C/ Ferrocarril del Puerto esq. C/ Ayala,"CALLE AYALA, 24 ",POINT (-4.432389670018456 36.7091656776132),,,,,,MUNICIPAL,No,No,6
da_aparcamientosMoto.fid--175d4967_1a012c2fafb_26e9,65773,APARCAMOTOS_296,Esq. Calle Alfambra,"CALLE ALMANZOR, 7 ",POINT (-4.442212370018729 36.70999353761421),,,,,,MUNICIPAL,No,No,12
da_aparcamientosMoto.fid--175d4967_1a012c2fafb_26ea,65836,APARCAMOTOS_119,Esq. Juan Villarazo,"AVENIDA DE JOSÉ RIBERA, 22 ",POINT (-4.471755198228931 36.72012392668964),,,,24 h,,MUNICIPAL,No,No,13
da_aparcamientosMoto.fid--175d4967_1a012c2fafb_26eb,65846,APARCAMOTOS_117,Junto I.E.S Campanillas,"CALLE FAUSTO, 45 ",POINT (-4.551011000022279 36.72673503763516),,,,24 h.,,MUNICIPAL,No,No,15
da_aparcamientosMoto.fid--175d4967_1a012c2fafb_26ec,65707,APARCAMOTOS_183,,"CALLE FISCAL LUIS PORTERO GARCÍA, 9 ",POINT (-4.460441000019269 36.716302037622185),,,,Laborables 8 a 15 h,,MUNICIPAL,No,No,22
da_aparcamientosMoto.fid--175d4967_1a012c2fafb_26ed,65849,APARCAMOTOS_120,Esq. Avda. Gregorio Prieto,"CALLE FISCAL LUIS PORTERO GARCÍA, 10 ",POINT (-4.462521225233331 36.71440886993035),,,,Lab.8 a 15 h.,,MUNICIPAL,No,No,19
da_aparcamientosMoto.fid--175d4967_1a012c2fafb_26ee,65848,APARCAMOTOS_122,Frente a Ciudad de la Justicia,"CALLE FISCAL LUIS PORTERO GARCÍA, 6 ",POINT (-4.4615482539131515 36.7147459015485),,,,Laborables 8 a 15h,,MUNICIPAL,No,No,33
da_aparcamientosMoto.fid--175d4967_1a012c2fafb_26ef,65618,APARCAMOTOS_036,Esq. Hilera,"CALLE ESPERANTO, 3 ",POINT (-4.431691914815292 36.71867514033708),,,,24 h.,,MUNICIPAL,No,No,13
da_aparcamientosMoto.fid--175d4967_1a012c2fafb_26f0,65859,APARCAMOTOS_061,Esq. Ejido,"PLAZA DEL MAESTRO ARTOLA, 3 ",POINT (-4.418339000018136 36.72926603763878),,,,Lectivos 8 a 20 h.,,MUNICIPAL,No,No,11
da_aparcamientosMoto.fid--175d4967_1a012c2fafb_26f1,65863,APARCAMOTOS_015,Esquina c/Juan de Herrera,"AVENIDA DEL DOCTOR GÁLVEZ GINACHERO, 9 ",POINT (-4.427877000018385 36.72683003763564),,,,24 h.,,MUNICIPAL,No,No,25
da_aparcamientosMoto.fid--175d4967_1a012c2fafb_26f2,65603,APARCAMOTOS_212,,"CALLE GREGORIO DE FRÍAS, 8 ",POINT (-4.441559000018714 36.70979703761391),,,,24 h,,MUNICIPAL,No,No,8
da_aparcamientosMoto.fid--175d4967_1a012c2fafb_26f3,65615,APARCAMOTOS_006,Esq. con Cl. Martínez Campos,"CALLE MARTÍNEZ CAMPOS, 19 ",POINT (-4.424567000018266 36.71506903762073),,,,Laborables 8 a 20 h.,,MUNICIPAL,No,No,13
da_aparcamientosMoto.fid--175d4967_1a012c2fafb_26f4,80808,APARCAMOTOS_390," C/ Don Cristian esquina con C/ Hilera, en Nº 1","CALLE DON CRISTIÁN, 2 ",POINT (-4.428781297725484 36.718138314254524),,,,,,MUNICIPAL,No,No,12
da_aparcamientosMoto.fid--175d4967_1a012c2fafb_26f5,65594,APARCAMOTOS_203,,"CALLE LA REGENTE, 20 ",POINT (-4.430104000018446 36.72612803763476),,,,24 h,,MUNICIPAL,No,No,15
da_aparcamientosMoto.fid--175d4967_1a012c2fafb_26f6,78117,APARCAMOTOS_359,,"CALLE JEREZ PERCHET, 8 ",POINT (-4.420910050931233 36.745761559720464),,,,,,MUNICIPAL,No,No,10
da_aparcamientosMoto.fid--175d4967_1a012c2fafb_26f7,65814,APARCAMOTOS_049,Esq. con Cl. Cuarteles,"CALLE CUARTELES, 40 ",POINT (-4.428633000018367 36.7134460376186),,,,24 h.,,MUNICIPAL,No,No,13
da_aparcamientosMoto.fid--175d4967_1a012c2fafb_26f8,65790,APARCAMOTOS_320,Av. Bonaire esq. Metralla,"AVENIDA DE BONAIRE, 10 ",POINT (-4.455178390019062 36.695232967595324),,,,,,MUNICIPAL,No,No,10
da_aparcamientosMoto.fid--175d4967_1a012c2fafb_26f9,65730,APARCAMOTOS_230,A la altura del nº 11,"CALLE CALVO, 3 ",POINT (-4.428448000018376 36.718247037624714),,,,,,MUNICIPAL,No,No,36
da_aparcamientosMoto.fid--175d4967_1a012c2fafb_26fa,65797,APARCAMOTOS_271,,"CALLE LÍBAR, 4 ",POINT (-4.449524000018868 36.68685803758463),,,,24 h.,,MUNICIPAL,No,No,5
da_aparcamientosMoto.fid--175d4967_1a012c2fafb_26fb,65619,APARCAMOTOS_020,Esq. con Cl. Don Cristian,"CALLE DON CRISTIÁN, 10 ",POINT (-4.429491162318514 36.71881435318223),,,,Laborables 8 a 20 h.,,MUNICIPAL,No,No,19
da_aparcamientosMoto.fid--175d4967_1a012c2fafb_26fc,65608,APARCAMOTOS_022,Esq. con Cl. Mármoles,"CALLE ARMENGUAL DE LA MOTA, 43 ",POINT (-4.4290990000184 36.72140703762872),,,,laborables 8 a 22 h.,,MUNICIPAL,No,No,22
da_aparcamientosMoto.fid--175d4967_1a012c2fafb_26fd,80147,APARCAMOTOS_386,C/ Eduardo de Palacio esquina con C/ Frigiliana,"CALLE EDUARDO DE PALACIO, 2 ",POINT (-4.445735507605929 36.696420053836675),,,,,,MUNICIPAL,No,No,12
da_aparcamientosMoto.fid--175d4967_1a012c2fafb_26fe,65701,APARCAMOTOS_177,Esq. Casas de Campos,"CALLE BLASCO DE GARAY, 3 ",POINT (-4.4224590000182085 36.71611303762202),,,,24 h.,,MUNICIPAL,No,No,30
da_aparcamientosMoto.fid--175d4967_1a012c2fafb_26ff,65812,APARCAMOTOS_295,,"PASAJE EGUILUZ, 2 ",POINT (-4.436446700018573 36.71119903761572),,,,,,MUNICIPAL,No,No,16
da_aparcamientosMoto.fid--175d4967_1a012c2fafb_2700,65815,APARCAMOTOS_021,Esq. con Cl. Enrique Scholtz,"CALLE ARMENGUAL DE LA MOTA, 26 ",POINT (-4.429163000018403 36.72042303762747),,,,Laborables 8 A 20 h.,,MUNICIPAL,No,No,15
da_aparcamientosMoto.fid--175d4967_1a012c2fafb_2701,65734,APARCAMOTOS_236,A la altura del número 12,"PASEO DE LA FAROLA, 12 ",POINT (-4.413145000017968 36.716349037622315),,,,,,MUNICIPAL,No,No,29
da_aparcamientosMoto.fid--175d4967_1a012c2fafb_2702,65688,APARCAMOTOS_164,Esq. Av. Málaga Oloroso,"CALLE JEREZ PERCHET, 33 ",POINT (-4.417531000018163 36.74648503766068),,,,24 h.,,MUNICIPAL,No,No,8
da_aparcamientosMoto.fid--175d4967_1a012c2fafb_2703,78120,APARCAMOTOS_362,Esq. Domingo Lozano,"CALLE MORALES VILLARRUBIA, 22 ",POINT (-4.438862858792488 36.72602575447435),,,,,,MUNICIPAL,No,No,10
da_aparcamientosMoto.fid--175d4967_1a012c2fafb_2704,65771,APARCAMOTOS_310,,"AVENIDA DE JANE BOWLES, 1 ",POINT (-4.426652120018403 36.743974707657415),,,,,,MUNICIPAL,No,No,22
da_aparcamientosMoto.fid--175d4967_1a012c2fafb_2705,65659,APARCAMOTOS_124,Esq. con Cl. Jacinto Verdaguer,"CALLE JACINTO VERDAGUER, 16 ",POINT (-4.428899735230707 36.711507219180774),,,,24 h.,,MUNICIPAL,No,No,11
da_aparcamientosMoto.fid--175d4967_1a012c2fafb_2706,65765,APARCAMOTOS_302,,"CALLE JOSÉ CALDERÓN, 24 ",POINT (-4.537111230021767 36.72264216763003),,,,,,MUNICIPAL,No,No,22
da_aparcamientosMoto.fid--175d4967_1a012c2fafb_2707,65742,APARCAMOTOS_245,Esq. Av. de Mayo,"PASEO IBÉRICO, 5 ",POINT (-4.4475800000187915 36.67893503757462),,,,24 h.,,MUNICIPAL,No,No,10
da_aparcamientosMoto.fid--175d4967_1a012c2fafb_2708,75304,APARCAMOTOS_338,esquina con Avenida Jorge Luis Borges,"CALLE JOAQUÍN TURINA, 25 ",POINT (-4.463181485924571 36.72033494556805),,,,,,MUNICIPAL,No,No, 
da_aparcamientosMoto.fid--175d4967_1a012c2fafb_2709,65702,APARCAMOTOS_178,Esq. Escultor Marin Higuero,"AVENIDA DE JUAN SEBASTIÁN ELCANO, 155 ",POINT (-4.364192000016781 36.721838037629404),,,,24 h,,MUNICIPAL,No,No,24
da_aparcamientosMoto.fid--175d4967_1a012c2fafb_270a,65733,APARCAMOTOS_233,A la altura del nº 21A,"CALLE CERRAJA, 21A",POINT (-4.49625500002045 36.74280103765581),,,,,,MUNICIPAL,No,No,11
da_aparcamientosMoto.fid--175d4967_1a012c2fafb_270b,65800,APARCAMOTOS_256,Esq. con Cl. Somera,"CALLE BARROSO, 13 ",POINT (-4.423703000018238 36.715563037621344),,,,24 h.,,MUNICIPAL,No,No,13
da_aparcamientosMoto.fid--175d4967_1a012c2fafb_270c,65695,APARCAMOTOS_170,,"PLAZA DE JESÚS ""EL RICO"", 5 ",POINT (-4.416769000018079 36.72251103763015),,,,24 h.,,MUNICIPAL,No,No,105
da_aparcamientosMoto.fid--175d4967_1a012c2fafb_270d,65750,APARCAMOTOS_253,Esq. con Alameda de Colón,"CALLE MARTÍNEZ CAMPOS, 20 ",POINT (-4.424412000018265 36.71513003762073),,,,24 h.,,MUNICIPAL,No,No,6
da_aparcamientosMoto.fid--175d4967_1a012c2fafb_270e,65681,APARCAMOTOS_156,Puerta de Gimnasio.,"AVENIDA DE PARMÉNIDES, 7 ",POINT (-4.479967653771248 36.72298309661495),,,,24h,,MUNICIPAL,No,No,20
da_aparcamientosMoto.fid--175d4967_1a012c2fafb_270f,65796,APARCAMOTOS_226,,"CALLE PALMA DEL RÍO, 2 ",POINT (-4.453326000018994 36.69167803759076),,,,24 h.,,MUNICIPAL,No,No,10
da_aparcamientosMoto.fid--175d4967_1a012c2fafb_2710,65748,APARCAMOTOS_247,Esq. Cl. Alemania,"CALLE CONCEJAL RODRÍGUEZ SORIA, 2 ",POINT (-4.424401000018251 36.71323903761837),,,,24 h.,,MUNICIPAL,No,No,10
da_aparcamientosMoto.fid--175d4967_1a012c2fafb_2711,65754,APARCAMOTOS_254,Esq. con Cl. San Lorenzo,"CALLE MARTÍNEZ CAMPOS, 17 ",POINT (-4.424057000018251 36.715224037620835),,,,24 h.,,MUNICIPAL,No,No,11
da_aparcamientosMoto.fid--175d4967_1a012c2fafb_2712,65768,APARCAMOTOS_305,Esq. con Cl. Capulino Jauregui,"CALLE AYALA, 61 ",POINT (-4.435913890018553 36.70603139760916),,,,,,MUNICIPAL,No,No,8
da_aparcamientosMoto.fid--175d4967_1a012c2fafb_2713,65746,APARCAMOTOS_234,Esquina c/ Mendivil,"CALLE EGUILUZ, 10 ",POINT (-4.434987000018539 36.712241037617105),,,,,,MUNICIPAL,No,No,16
da_aparcamientosMoto.fid--175d4967_1a012c2fafb_2714,65792,APARCAMOTOS_235,Frente Cl. Dos Aceras,"CALLE REFINO, 37 ",POINT (-4.42030400001818 36.726434037635194),,,,Motos,,MUNICIPAL,No,No,6
da_aparcamientosMoto.fid--175d4967_1a012c2fafb_2715,65671,APARCAMOTOS_136,Esq. con Pasaje Noblejas,"CALLE SALITRE, 20 ",POINT (-4.427490234393343 36.713447757292016),,,,24 h.,,MUNICIPAL,No,No,14
da_aparcamientosMoto.fid--175d4967_1a012c2fafb_2716,65617,APARCAMOTOS_003,Esquina Casas de Campos,"CALLE CASAS DE CAMPOS, 35 ",POINT (-4.424760000018271 36.71563203762142),,,,Laborables 8 a 20 h.,,MUNICIPAL,No,No,20
da_aparcamientosMoto.fid--175d4967_1a012c2fafb_2717,78442,APARCAMOTOS_372,"C/ Vega N.º 22, esquina con C/ Caño","CALLE DE LA VEGA, 22 ",POINT (-4.50178926777043 36.66836925839527),,,,,,MUNICIPAL,No,No,9
da_aparcamientosMoto.fid--175d4967_1a012c2fafb_2718,65607,APARCAMOTOS_217,Esq. con Cl. Juan Sebastian Bach,"CALLE JUAN SEBASTIÁN BACH, 5 ",POINT (-4.449969000018912 36.69500203759508),,,,24 h,,MUNICIPAL,No,No,6
da_aparcamientosMoto.fid--175d4967_1a012c2fafb_2719,65805,APARCAMOTOS_289,,"CALLE MALPICA, 12 ",POINT (-4.429689000018404 36.7150290376206),,,,,,MUNICIPAL,No,No,14
da_aparcamientosMoto.fid--175d4967_1a012c2fafb_271a,65588,APARCAMOTOS_193,Esq. Jonas,"CALLE SANTA MARÍA MICAELA, 4 ",POINT (-4.417117000018116 36.731590037641716),,,,24 h,,MUNICIPAL,No,No,12
da_aparcamientosMoto.fid--175d4967_1a012c2fafb_271b,65731,APARCAMOTOS_231,A la altura del nº 5,"CALLE SAN MILLÁN, 3 ",POINT (-4.420162000018178 36.727017037635875),,,,,,MUNICIPAL,No,No,8
da_aparcamientosMoto.fid--175d4967_1a012c2fafb_271c,65629,APARCAMOTOS_053,Frente esquina c/ Arapiles,"CALLE SAN MILLÁN, 12 ",POINT (-4.419749000018181 36.728965037638396),,,,Lectivos 8 a 20 h.,,MUNICIPAL,No,No,24
da_aparcamientosMoto.fid--175d4967_1a012c2fafb_271d,65638,APARCAMOTOS_081,Esq. Jurado de Parra,"CALLE PADRE LERCHUNDI, 3 ",POINT (-4.355420000016572 36.71994203762707),,,,24 h,,MUNICIPAL,No,No,8
da_aparcamientosMoto.fid--175d4967_1a012c2fafb_271e,65732,APARCAMOTOS_232,A la altura del número 3,"CALLE DIEGO VÁZQUEZ OTERO, 6 ",POINT (-4.4392300000186715 36.71755503762381),,,,,,MUNICIPAL,No,No,12
da_aparcamientosMoto.fid--175d4967_1a012c2fafb_271f,65723,APARCAMOTOS_154,,"AVENIDA DE PRÍES, 10 ",POINT (-4.40677500001782 36.72108103762836),,,,24 h,,MUNICIPAL,No,No,7
da_aparcamientosMoto.fid--175d4967_1a012c2fafb_2720,65632,APARCAMOTOS_074,Esq. Avenida Juan Sebastián Elcano,"CALLE ARQUITECTO EDUARDO ESTEVE, 2 ",POINT (-4.362996000016747 36.72132903762884),,,,24 h.,,MUNICIPAL,No,No,16
da_aparcamientosMoto.fid--175d4967_1a012c2fafb_2721,65801,APARCAMOTOS_280,Esq. con Cl. Federica Montseny,"CALLE MAR, 20 ",POINT (-4.359052000016652 36.719827037626885),,,,24 h.,,MUNICIPAL,No,No,10
da_aparcamientosMoto.fid--175d4967_1a012c2fafb_2722,65740,APARCAMOTOS_240,Esq. Cl. Trinidad,"CALLE MALASAÑA, 3 ",POINT (-4.427199000018365 36.723318037631216),,,,24 h.,,MUNICIPAL,No,No,15
da_aparcamientosMoto.fid--175d4967_1a012c2fafb_2723,65767,APARCAMOTOS_304,,"CALLE TOMÁS ECHEVERRÍA, 12 ",POINT (-4.433664240018482 36.70304781760534),,,,,,MUNICIPAL,No,No,10
da_aparcamientosMoto.fid--175d4967_1a012c2fafb_2724,65830,APARCAMOTOS_112,Esq. Plaza Reina Manescau,"CALLE MUÑOZ DEGRAIN, 2 ",POINT (-4.434843000018516 36.70567803760874),,,,Motos 8 a 20 h.,,MUNICIPAL,No,No,16
da_aparcamientosMoto.fid--175d4967_1a012c2fafb_2725,65601,APARCAMOTOS_210,Esq. Obispo José de Gómez,"CALLE OBISPO JOSÉ DE GÓMEZ, 2 ",POINT (-4.419871000018196 36.73566603764691),,,,24 h,,MUNICIPAL,No,No,9
da_aparcamientosMoto.fid--175d4967_1a012c2fafb_2726,65872,APARCAMOTOS_333,Esquina con Avda. Salvador Allende,"CALLE ARQUITECTO EDUARDO ESTEVE, 11 ",POINT (-4.363056500016747 36.71997654762709),,,,,,MUNICIPAL,No,No,32
da_aparcamientosMoto.fid--175d4967_1a012c2fafb_2727,65870,APARCAMOTOS_330,esquina con C/ Albéniz,"CALLE BOCANA, 2 ",POINT (-4.418712270018167 36.734920407645966),,,,,,MUNICIPAL,No,No,18
da_aparcamientosMoto.fid--175d4967_1a012c2fafb_2728,65720,APARCAMOTOS_149,,"CAMINO DE LA DESVIACIÓN, 18 ",POINT (-4.383887000017254 36.72335003763133),,,,24 h.,,MUNICIPAL,No,No,5
da_aparcamientosMoto.fid--175d4967_1a012c2fafb_2729,65656,APARCAMOTOS_070,Esq. Ingeniero José Maria Garnica,"CALLE CANALES, 22 ",POINT (-4.428511000018361 36.7103640376147),,,,Laborables 8 a 15 h.,,MUNICIPAL,No,No,30
da_aparcamientosMoto.fid--175d4967_1a012c2fafb_272a,65655,APARCAMOTOS_063,,"PLAZA EJIDO, 1 ",POINT (-4.41938100001816 36.72785603763699),,,,Lectivos 8 a 20 h.,,MUNICIPAL,No,No,19
da_aparcamientosMoto.fid--175d4967_1a012c2fafb_272b,65763,APARCAMOTOS_300,,"CALLE BENAHAVÍS, 10 ",POINT (-4.464783700019314 36.68350506758037),,,,,,MUNICIPAL,No,No,10
da_aparcamientosMoto.fid--175d4967_1a012c2fafb_272c,65587,APARCAMOTOS_190,Esq. Calderón y Cubero,"PASEO DE LOS TILOS, 45 ",POINT (-4.43691400001859 36.713148037618254),,,,24 h,,MUNICIPAL,No,No,16
da_aparcamientosMoto.fid--175d4967_1a012c2fafb_272d,65862,APARCAMOTOS_062,,"PLAZA EJIDO, 7 ",POINT (-4.418618000018145 36.72783103763693),,,,Lectivos 8 a 20 h.,,MUNICIPAL,No,No,12
da_aparcamientosMoto.fid--175d4967_1a012c2fafb_272e,65643,APARCAMOTOS_095,Días lectivos de 7:30 a 14:30 horas,"CALLE DEL CIPRÉS, 18 ",POINT (-4.448087000018939 36.724448037632534),,,,Lectivos 7:30 a14:30,,MUNICIPAL,No,No,8
da_aparcamientosMoto.fid--175d4967_1a012c2fafb_272f,65850,APARCAMOTOS_123,Facultad de Ciencias de la Información y Turismo.,"CALLE DE LEÓN TOLSTOI, 7 ",POINT (-4.470363000019564 36.71475803762023),,,,24 h.,,MUNICIPAL,No,No,15
da_aparcamientosMoto.fid--175d4967_1a012c2fafb_2730,65828,APARCAMOTOS_094,Esq.Camino Suárez,"CALLE BLAS DE LEZO, 3 ",POINT (-4.434834122676362 36.72739238765318),,,,Laborables 9 a 21h,,MUNICIPAL,No,No,11
da_aparcamientosMoto.fid--175d4967_1a012c2fafb_2731,65678,APARCAMOTOS_137,Esq. Pasillo de Atocha,"CALLE PANADEROS, 26 ",POINT (-4.4254300000182925 36.717407037623666),,,,24 h.,,MUNICIPAL,No,No,25
da_aparcamientosMoto.fid--175d4967_1a012c2fafb_2732,79309,APARCAMOTOS_380,C/ José Canalejas esquina con la Plaza Eduardo Dato,"CALLE JOSÉ CANALEJAS, 6 ",POINT (-4.436477696938288 36.72950447663267),,,,,,MUNICIPAL,No,No,10
da_aparcamientosMoto.fid--175d4967_1a012c2fafb_2733,65808,APARCAMOTOS_292,Esq. con Cl. Tomás Echeverria,"CALLE DE ANTONIO SOLER, 5 ",POINT (-4.434506756453879 36.70408165492796),,,,24 h.,,MUNICIPAL,No,No,28
da_aparcamientosMoto.fid--175d4967_1a012c2fafb_2734,75545,APARCAMOTOS_060_B,Frente a Calle Sagasta,"PLAZA DE ARRIOLA, 8 ",POINT (-4.42488480402314 36.718718651988574),,,,Laborables de 15 a 5h y no laborables 24h,,MUNICIPAL,No,No,26
da_aparcamientosMoto.fid--175d4967_1a012c2fafb_2735,65858,APARCAMOTOS_047,Esquina c/ Ordóñez,"CALLE PANADEROS, 20 ",POINT (-4.424734000018273 36.71756903762387),,,,24 h.,,MUNICIPAL,No,No,48
da_aparcamientosMoto.fid--175d4967_1a012c2fafb_2736,75536,APARCAMOTOS_311,Esquina con Calle Francisco Vigil Escalera,"CALLE MAGISTRADO SALVADOR BARBERÁ, 5 ",POINT (-4.443502179409332 36.72373926078411),,,,24h,,MUNICIPAL,No,No,10
da_aparcamientosMoto.fid--175d4967_1a012c2fafb_2737,79219,APARCAMOTOS_377A,C/ Alcalde José María de los Llanos esq. C /Vistafranca,"CALLE ALCALDE JOSÉ MARÍA DE LLANOS, 2 ",POINT (-4.449185031841008 36.697462486229334),,,,,,MUNICIPAL,No,No, 
da_aparcamientosMoto.fid--175d4967_1a012c2fafb_2738,65722,APARCAMOTOS_143,Esq. con Cl. Sagasta,"PLAZA DE ARRIOLA, 12 ",POINT (-4.42450800001827 36.71842603762499),,,,Laborables de 10 a 5h y no laborables 24h,,MUNICIPAL,No,No,16
da_aparcamientosMoto.fid--175d4967_1a012c2fafb_2739,78444,APARCAMOTOS_373,"C/ Alozaina N.º 44, esquina con C/ Alcalde Díaz Zafra","CALLE ALOZAINA, 44 ",POINT (-4.4507258519232336 36.70941580611808),,,,,,MUNICIPAL,No,No,10
da_aparcamientosMoto.fid--175d4967_1a012c2fafb_273a,65679,APARCAMOTOS_133,Esq.Panaderos,"CALLE PANADEROS, 31 ",POINT (-4.425325021166021 36.71735126194727),,,,24 h.,,MUNICIPAL,No,No,20
da_aparcamientosMoto.fid--175d4967_1a012c2fafb_273b,65856,APARCAMOTOS_098,Esq. con Cl. Martínez Maldonado,"CALLE PELAYO, 1 ",POINT (-4.4326570000185 36.72170903762916),,,,Laborables 8 a 21 h.,,MUNICIPAL,No,No,15
da_aparcamientosMoto.fid--175d4967_1a012c2fafb_273c,65675,APARCAMOTOS_129,,"CALLE MARTÍNEZ FALERO, 63 ",POINT (-4.355517178790453 36.720848229455406),,,,Laborables 9 a 14 h.,,MUNICIPAL,No,No,3
da_aparcamientosMoto.fid--175d4967_1a012c2fafb_273d,65753,APARCAMOTOS_257,Esq. con Cl. Pinzón,"CALLE SOMERA, 11 ",POINT (-4.423308000018228 36.715068037620654),,,,24 h.,,MUNICIPAL,No,No,11
da_aparcamientosMoto.fid--175d4967_1a012c2fafb_273e,65798,APARCAMOTOS_278,Esq. con Cl. Doña del Toboso,"PASAJE MORA, 4 ",POINT (-4.359406000016665 36.72160203762914),,,,24 h.,,MUNICIPAL,No,No,15
da_aparcamientosMoto.fid--175d4967_1a012c2fafb_273f,78122,APARCAMOTOS_364,Esq. Arroyo de los Ángeles,"CALLE BLAS DE LEZO, 22 ",POINT (-4.434175779989201 36.72946168556937),,,,,,MUNICIPAL,No,No,10
da_aparcamientosMoto.fid--175d4967_1a012c2fafb_2740,65725,APARCAMOTOS_198,Esq.calle Rosario,"CALLE CRUZ DEL MOLINILLO, 20 ",POINT (-4.423396000018262 36.72677583763561),,,,,,MUNICIPAL,No,No,10
da_aparcamientosMoto.fid--175d4967_1a012c2fafb_2741,65697,APARCAMOTOS_172,Esq. con Cl. Callejones del Perchel,"PLAZA DE LA SOLIDARIDAD, 9 ",POINT (-4.431080000018433 36.71403203761933),,,,Laborables 8 a 20 h.,,MUNICIPAL,No,No,10
da_aparcamientosMoto.fid--175d4967_1a012c2fafb_2742,65747,APARCAMOTOS_260,Esq. Avda. de Manuel Agustín Heredia,"CALLE SOMERA, 14 ",POINT (-4.422984000018218 36.714630037620154),,,,24 h.,,MUNICIPAL,No,No,16
da_aparcamientosMoto.fid--175d4967_1a012c2fafb_2743,65726,APARCAMOTOS_221,Esq. La Regente,"AVENIDA DE BARCELONA, 42 ",POINT (-4.430714000018461 36.72591103763452),,,,,,MUNICIPAL,No,No,12
da_aparcamientosMoto.fid--175d4967_1a012c2fafb_2744,65694,APARCAMOTOS_169,,"CALLE PANADEROS, 1 ",POINT (-4.4229880000182344 36.71811203762458),,,,24 h.,,MUNICIPAL,No,No,9
da_aparcamientosMoto.fid--175d4967_1a012c2fafb_2745,65809,APARCAMOTOS_293,Frente a Cl. San Salvador,"PASEO DE LOS TILOS, 67 ",POINT (-4.43999848052023 36.7120833527078),,,,24 h.,,MUNICIPAL,No,No,15
da_aparcamientosMoto.fid--175d4967_1a012c2fafb_2746,65760,APARCAMOTOS_298,Esquina con Calle Tarantas,"CALLE SANTA MARTA, 8 ",POINT (-4.440404513186214 36.71132844294872),,,,24h,,MUNICIPAL,No,No,10
da_aparcamientosMoto.fid--175d4967_1a012c2fafb_2747,65772,APARCAMOTOS_313,Pz. César Álvarez Dumont esq. C/ Cruceta,"PLAZA DE CÉSAR ÁLVAREZ DUMONT, 5 ",POINT (-4.451526500018946 36.690914747589815),,,,,,MUNICIPAL,No,No,6
da_aparcamientosMoto.fid--175d4967_1a012c2fafb_2748,65736,APARCAMOTOS_237,Esq. Correo de Andalucía,"CAMINO DE LA TÉRMICA, 16 ",POINT (-4.44791600001884 36.689149037587605),,,,24 h.,,MUNICIPAL,No,No,10
da_aparcamientosMoto.fid--175d4967_1a012c2fafb_2749,65670,APARCAMOTOS_125,,"CALLE DE TESEO, 14 ",POINT (-4.477726478492357 36.720527200692175),,,,24 h,,MUNICIPAL,No,No,6
da_aparcamientosMoto.fid--175d4967_1a012c2fafb_274a,65869,APARCAMOTOS_331,esquina con C/ Ramos Marín,"CALLE GÓMEZ PALLETE, 11 ",POINT (-4.418352160018125 36.72447741763266),,,,,,MUNICIPAL,No,No,
da_aparcamientosMoto.fid--175d4967_1a012c2fafb_274b,78445,APARCAMOTOS_374,"C/ Casarabonela N.º 24, esquina con la Plaza Alcalde Enrique Gómez Rodriguez","CALLE CASARABONELA, 24 ",POINT (-4.449492815965948 36.708619034228015),,,,,,MUNICIPAL,No,No,10
da_aparcamientosMoto.fid--175d4967_1a012c2fafb_274c,79299,APARCAMOTOS_2909,Av. de los Guindos esq. C /Calañas,"CALLE CALAÑAS, 11 ",POINT (-4.451553410584287 36.6924300315113),,,,,,MUNICIPAL,No,No,8
da_aparcamientosMoto.fid--175d4967_1a012c2fafb_274d,65642,APARCAMOTOS_096,Esq. Sondalezas,"CALLE SONDALEZAS, 20 ",POINT (-4.442548155803401 36.725503259946805),,,,24 h.,,MUNICIPAL,No,No,10
da_aparcamientosMoto.fid--175d4967_1a012c2fafb_274e,65692,APARCAMOTOS_139,Días Lectivos de 8:30 a 16:30. ,"CALLE CORTÉS EL VIEJO, 2 ",POINT (-4.450036883373122 36.70218442739541),,,,Lectivos 8:30-16:30,,MUNICIPAL,No,No,10
da_aparcamientosMoto.fid--175d4967_1a012c2fafb_274f,65709,APARCAMOTOS_186,Esq. AV. Gregorio Diego,"AVENIDA DE VELÁZQUEZ, 97 ",POINT (-4.455024000019046 36.692174037591414),,,,24 h,,MUNICIPAL,No,No,10
da_aparcamientosMoto.fid--175d4967_1a012c2fafb_2750,78118,APARCAMOTOS_360,,"AVENIDA DE VELÁZQUEZ, 102 ",POINT (-4.456017373845957 36.69191904091871),,,,,,MUNICIPAL,No,No,10
da_aparcamientosMoto.fid--175d4967_1a012c2fafb_2751,65597,APARCAMOTOS_205,Esq. Montaño,"CALLE MARIBLANCA, 9 ",POINT (-4.420263000018179 36.72450903763275),,,,Solo Motos,,MUNICIPAL,No,No,74
da_aparcamientosMoto.fid--175d4967_1a012c2fafb_2752,65738,APARCAMOTOS_243,Esq. Cl. La Regente,"CALLE SEVILLA, 25 ",POINT (-4.429516000018424 36.7257980376343),,,,24 h.,,MUNICIPAL,No,No,10
da_aparcamientosMoto.fid--175d4967_1a012c2fafb_2753,65644,APARCAMOTOS_097,Esq. Juan Antonio Tercero,"CALLE NUESTRA SEÑORA DE LOS CLARINES, 2 ",POINT (-4.439978599567065 36.729340048472416),,,,Laborables 8 a 20 h.,,MUNICIPAL,No,No,15
da_aparcamientosMoto.fid--175d4967_1a012c2fafb_2754,65843,APARCAMOTOS_016,Frente a Cl. Purificación,"CALLE PURIFICACIÓN, 9 ",POINT (-4.425495000018318 36.72450003763265),,,,24 h.,,MUNICIPAL,No,No,27
da_aparcamientosMoto.fid--175d4967_1a012c2fafb_2755,65835,APARCAMOTOS_113,Esq. Avda. Sor Teresa Prat,"CALLE SARGENTO CROOKE LÓPEZ, 10 ",POINT (-4.440204000018651 36.701508037603354),,,,24 h.,,MUNICIPAL,No,No,14
da_aparcamientosMoto.fid--175d4967_1a012c2fafb_2756,65666,APARCAMOTOS_127,Esq. Comandante Roman,"CALLE SARGENTO CROOKE LÓPEZ, 7 ",POINT (-4.440303146857797 36.70146178047973),,,,24 h.,,MUNICIPAL,No,No,8
da_aparcamientosMoto.fid--175d4967_1a012c2fafb_2757,65770,APARCAMOTOS_309,,"CALLE PUJERRA, 1 ",POINT (-4.444152110018759 36.70057737760219),,,,,,MUNICIPAL,No,No,7
da_aparcamientosMoto.fid--175d4967_1a012c2fafb_2758,65793,APARCAMOTOS_242,Esq. con Cl. Trinidad,"CALLE SEVILLA, 2 ",POINT (-4.429614000018431 36.72382603763183),,,,24 h.,,MUNICIPAL,No,No,5
da_aparcamientosMoto.fid--175d4967_1a012c2fafb_2759,65645,APARCAMOTOS_091,Esq. Eugenio Gross,"AVENIDA DE SAN SEBASTIÁN, 2 ",POINT (-4.43590633573007 36.723054580314404),,,,Laborables 8 a 20h,,MUNICIPAL,No,No,14
da_aparcamientosMoto.fid--175d4967_1a012c2fafb_275a,75531,APARCAMOTOS_287,Esquina con Plaza Basconia,"AVENIDA DE SAN SEBASTIÁN, 9 ",POINT (-4.4368835758349805 36.722967681189644),,,,Laborables de 8 a 20h.,,MUNICIPAL,No,No,10
da_aparcamientosMoto.fid--175d4967_1a012c2fafb_275b,65829,APARCAMOTOS_093,Esq. Plaza Bailén,"CALLE BAILÉN, 4 ",POINT (-4.432325000018502 36.7242260376323),,,,24 h.,,MUNICIPAL,No,No,14
da_aparcamientosMoto.fid--175d4967_1a012c2fafb_275c,65639,APARCAMOTOS_080,Esq. Keromnes,"CALLE MAESTRANZA, 27 ",POINT (-4.40824806692001 36.719624362685785),,,,24 h.,,MUNICIPAL,No,No,34
da_aparcamientosMoto.fid--175d4967_1a012c2fafb_275d,65756,APARCAMOTOS_265,Esq. con Cl. Fernando Camino,"CALLE MAESTRANZA, 16 ",POINT (-4.409001000017873 36.71966203762661),,,,24 h.,,MUNICIPAL,No,No,10
da_aparcamientosMoto.fid--175d4967_1a012c2fafb_275e,65775,APARCAMOTOS_315,Calle Rotonda de Suárez,"CALLE ROTONDA DE SUÁREZ, 3 ",POINT (-4.443691430018827 36.72920253763866),,,,,,MUNICIPAL,No,No,14
da_aparcamientosMoto.fid--175d4967_1a012c2fafb_275f,65660,APARCAMOTOS_099,Esq. con Cl. Sondalezas,"PASAJE SONDALEZAS, 10 ",POINT (-4.441171000018741 36.72223003762976),,,,Laborables 8 a 15 h.,,MUNICIPAL,No,No,34
da_aparcamientosMoto.fid--175d4967_1a012c2fafb_2760,65737,APARCAMOTOS_239,Esq. Cl. Villanueva de Tapia,"CALLE VILLANUEVA DE TAPIA, 15 ",POINT (-4.456147000019053 36.68338703758027),,,,24 h.,,MUNICIPAL,No,No,10
da_aparcamientosMoto.fid--175d4967_1a012c2fafb_2761,65766,APARCAMOTOS_303,,"CALLE VENDEJA, 16 ",POINT (-4.422017140018205 36.716762717622885),,,,,,MUNICIPAL,No,No,20
da_aparcamientosMoto.fid--175d4967_1a012c2fafb_2762,65713,APARCAMOTOS_224,Esq. con Cl. Sebastián Souvirón,"PLAZA DE ARRIOLA, 7 ",POINT (-4.42461100001827 36.718557037625125),,,,Laborables de 10 a 5h y no laborables 24h,,MUNICIPAL,No,No,30
da_aparcamientosMoto.fid--175d4967_1a012c2fafb_2763,65717,APARCAMOTOS_130,Esq. con Cl. Atarazanas,"PLAZA DE ARRIOLA, 16 ",POINT (-4.424263000018264 36.718149037624656),,,,Motos de 00 a 17 h,,MUNICIPAL,No,No,14
da_aparcamientosMoto.fid--175d4967_1a012c2fafb_2764,65715,APARCAMOTOS_060,Esq. con Cl. Atarazanas,"PLAZA DE ARRIOLA, 16 ",POINT (-4.42446864413403 36.71817534245362),,,,Laborables de 15 a 5h y no laborables 24h,,MUNICIPAL,No,No,22
da_aparcamientosMoto.fid--175d4967_1a012c2fafb_2765,75489,APARCAMOTOS_341,,"CALLE SPITERI, 16 ",POINT (-4.441073439648711 36.70262890164345),,,,,,MUNICIPAL,No,No,5
da_aparcamientosMoto.fid--175d4967_1a012c2fafb_2766,65683,APARCAMOTOS_158,Frente al nº 29,"CALLE CÉSAR VALLEJO, 26 ",POINT (-4.491316000020153 36.69601203759622),,,,24h,,MUNICIPAL,No,No,22
da_aparcamientosMoto.fid--175d4967_1a012c2fafb_2767,65593,APARCAMOTOS_202,,"CALLE DOCTOR GUTIÉRREZ CALZADA, 2 ",POINT (-4.448291000018944 36.72274103763035),,,,24 h,,MUNICIPAL,No,No,39
da_aparcamientosMoto.fid--175d4967_1a012c2fafb_2768,65871,APARCAMOTOS_329,,"CALLE OLLETAS, 3 ",POINT (-4.4154907400180825 36.73513003764625),,,,,,MUNICIPAL,No,No,
da_aparcamientosMoto.fid--175d4967_1a012c2fafb_2769,65832,APARCAMOTOS_110,Esq.Alicia Larrocha,"CALLE MARILYN MONROE, 6 ",POINT (-4.454446434993667 36.68110049149235),,,,24 h.,,MUNICIPAL,No,No,19
da_aparcamientosMoto.fid--175d4967_1a012c2fafb_276a,65807,APARCAMOTOS_291,,"PLAZA DEL TEATRO, 2 ",POINT (-4.4209960000181985 36.72365703763168),,,,,,MUNICIPAL,No,No,30
da_aparcamientosMoto.fid--175d4967_1a012c2fafb_276b,65845,APARCAMOTOS_301_,,"PASEO MARTIRICOS, 28 ",POINT (-4.4268898507287275 36.7298587531604),,,,24 h.,,MUNICIPAL,No,No,20
da_aparcamientosMoto.fid--175d4967_1a012c2fafb_276c,65783,APARCAMOTOS_322,,"CALLE MENORCA, 3 ",POINT (-4.453669280019008 36.69236690759173),,,,,,MUNICIPAL,No,No,5
da_aparcamientosMoto.fid--175d4967_1a012c2fafb_276d,78082,APARCAMOTOS_346,Paseo Marítimo Pablo Ruíz Picasso esquina con C/ Gutenberg,"PASEO MARÍTIMO PABLO RUIZ PICASSO, 18 ",POINT (-4.4046255911732946 36.72045355139835),,,,,,MUNICIPAL,No,No,30
da_aparcamientosMoto.fid--175d4967_1a012c2fafb_276e,65784,APARCAMOTOS_328,Junto a Eshmún Sport Clinic,"CALLE DE LA MINILLA, 2 ",POINT (-4.39438233001754 36.73339616764406),,,,,,MUNICIPAL,No,No,12
da_aparcamientosMoto.fid--175d4967_1a012c2fafb_276f,65703,APARCAMOTOS_179,Esq. Pío Baroja,"PLAZA MIRAMAR DEL PALO, 7 ",POINT (-4.361962000016725 36.720452037627695),,,,24 h,,MUNICIPAL,No,No,44
da_aparcamientosMoto.fid--175d4967_1a012c2fafb_2770,78114,APARCAMOTOS_355,,"PASEO MARÍTIMO PABLO RUIZ PICASSO, 71 ",POINT (-4.393245063130973 36.723156128215045),,,,,,MUNICIPAL,No,No,15
da_aparcamientosMoto.fid--175d4967_1a012c2fafb_2771,65721,APARCAMOTOS_142,Esquina Obispo Ángel Herrera Oria,"CALLE PEDRO GÓMEZ CHAIX, 2 ",POINT (-4.440853000018714 36.71821003762463),,,,Laborables 8 a 18 h.,,MUNICIPAL,No,No,12
da_aparcamientosMoto.fid--175d4967_1a012c2fafb_2772,74965,APARCAMOTOS_337,,"AVENIDA DEL COMANDANTE BENÍTEZ, 10 ",POINT (-4.425724129569651 36.71343038250266),,,,,,MUNICIPAL,No,No,9
da_aparcamientosMoto.fid--175d4967_1a012c2fafb_2773,65788,APARCAMOTOS_268,"Esq. con Cl. Navalón
","AVENIDA DEL COMANDANTE BENÍTEZ, 11 ",POINT (-4.425629000018288 36.71328603761846),,,,24 h.,,MUNICIPAL,No,No,10
da_aparcamientosMoto.fid--175d4967_1a012c2fafb_2774,65787,APARCAMOTOS_246,"Esq. con Cl. Navalón
","AVENIDA DEL COMANDANTE BENÍTEZ, 11 ",POINT (-4.42569300001829 36.71329403761841),,,,24 h.,,MUNICIPAL,No,No,10
da_aparcamientosMoto.fid--175d4967_1a012c2fafb_2775,65743,APARCAMOTOS_248,Frente a Cl. Roma,"JARDINES ALCALDE PEDRO LUIS ALONSO, 1 ",POINT (-4.4145680000180185 36.72080503762808),,,,24 h.,,MUNICIPAL,No,No,10
da_aparcamientosMoto.fid--175d4967_1a012c2fafb_2776,65794,APARCAMOTOS_270,Esq. con Cl. Roma,"JARDINES ALCALDE PEDRO LUIS ALONSO, 1 ",POINT (-4.414422000018014 36.72079003762798),,,,24 h.,,MUNICIPAL,No,No,48
da_aparcamientosMoto.fid--175d4967_1a012c2fafb_2777,78101,APARCAMOTOS_347,,"CALLE PACÍFICO, 15 ",POINT (-4.437846551411115 36.69746204662874),,,,,,MUNICIPAL,No,No,15
da_aparcamientosMoto.fid--175d4967_1a012c2fafb_2778,65621,APARCAMOTOS_001,Esquina con Cl. Duquesa de Parcent,"ALAMEDA DE COLÓN, 30 ",POINT (-4.42418240012563 36.71397615571718),,,,Laborables 8 a 20 h.,,MUNICIPAL,No,No,57
da_aparcamientosMoto.fid--175d4967_1a012c2fafb_2779,65710,APARCAMOTOS_223,Esq. Av. Luz,"AVENIDA DE ISAAC PERAL, 4 ",POINT (-4.455919000019083 36.69718203759784),,,,24 h,,MUNICIPAL,No,No,19
da_aparcamientosMoto.fid--175d4967_1a012c2fafb_277a,65810,APARCAMOTOS_294,,"AVENIDA DE JOSÉ ORTEGA Y GASSET, 11 ",POINT (-4.442639853480846 36.7118450829683),,,,,,MUNICIPAL,No,No,10
da_aparcamientosMoto.fid--175d4967_1a012c2fafb_277b,75541,APARCAMOTOS_312,Esquina con Mendivil,"CALLE JOVELLANOS, 6 ",POINT (-4.430374655245106 36.71305276188899),,,,24h,,MUNICIPAL,No,No,10
da_aparcamientosMoto.fid--175d4967_1a012c2fafb_277c,65711,APARCAMOTOS_219,Esq. Antonio Baena Gómez,"CALLE MARTÍNEZ, 16 ",POINT (-4.422061000018206 36.71847903762507),,,,Motos de 11 a 7 h,,MUNICIPAL,No,No,34
da_aparcamientosMoto.fid--175d4967_1a012c2fafb_277d,65861,APARCAMOTOS_034,Esq. Plaza del Ejido,"CALLE EJIDO, 6 ",POINT (-4.417920000018121 36.728025037637195),,,,Lectivos 8 a 20 h.,,MUNICIPAL,No,No,11
da_aparcamientosMoto.fid--175d4967_1a012c2fafb_277e,65591,APARCAMOTOS_200,Esq. Garcerán,"PASEO DE ANTONIO MACHADO, 72 ",POINT (-4.434993000018511 36.701315037603145),,,,24 h,,MUNICIPAL,No,No,13
da_aparcamientosMoto.fid--175d4967_1a012c2fafb_277f,65821,APARCAMOTOS_002,Esq. Av. Manuel Agustín Heredia,"AVENIDA DE MANUEL AGUSTÍN HEREDIA, 26 ",POINT (-4.42398592831529 36.71355580243343),,,,Laborables 8 a 20 h.,,MUNICIPAL,No,No,21
da_aparcamientosMoto.fid--175d4967_1a012c2fafb_2780,75540,APARCAMOTOS_295_,Esquina con Avenida Paloma,"CALLE HÉROE DE SOSTOA, 194 ",POINT (-4.44427836192539 36.70107078309489),,,,24h,,MUNICIPAL,No,No,10
da_aparcamientosMoto.fid--175d4967_1a012c2fafb_2781,65664,APARCAMOTOS_114,Esq. con Cl. Concejal Muñoz Cervan,"CALLE PACÍFICO, 22 ",POINT (-4.438274000018587 36.6975370375983),,,,24 h.,,MUNICIPAL,No,No,24
da_aparcamientosMoto.fid--175d4967_1a012c2fafb_2782,65657,APARCAMOTOS_073,Esq. Av. Cánovas del Castillo,"CALLE ARENAL, 2 ",POINT (-4.410595000017908 36.719113037625895),,,,Laborables 8 a 20h,,MUNICIPAL,No,No,30
da_aparcamientosMoto.fid--175d4967_1a012c2fafb_2783,65712,APARCAMOTOS_220,Esq. Antonio Baena Gómez,"CALLE MARTÍNEZ, 7 ",POINT (-4.422335000018213 36.718496037625044),,,,24 h,,MUNICIPAL,No,No,34
da_aparcamientosMoto.fid--175d4967_1a012c2fafb_2784,65778,APARCAMOTOS_316,Excepto carga y descarga en días laborables de 8 a 20 h RESTO HORARIO MOTOS,"CALLE CORTINA DEL MUELLE, 11 ",POINT (-4.418774460018126 36.719433527626286),,,,,,MUNICIPAL,No,No,29
da_aparcamientosMoto.fid--175d4967_1a012c2fafb_2785,79308,APARCAMOTOS_379,C/ David Santiago esquina con C/ Coda Jiménez,"CALLE DAVID SANTIAGO, 13 ",POINT (-4.418779445764022 36.73854771723133),,,,,,MUNICIPAL,No,No,6.5
da_aparcamientosMoto.fid--175d4967_1a012c2fafb_2786,80144,APARCAMOTOS_384,C/ Linares esquina con Camino Huertecilla,"CALLE LINARES, 16 ",POINT (-4.508268353185198 36.67445157596867),,,,,,MUNICIPAL,No,No,11
da_aparcamientosMoto.fid--175d4967_1a012c2fafb_2787,65779,APARCAMOTOS_317,Excepto carga y descarga en días laborables de 8 a 20 h RESTO HORARIO MOTOS,"CALLE CORTINA DEL MUELLE, 15 ",POINT (-4.418343180018115 36.71972711762667),,,,,,MUNICIPAL,No,No,48
da_aparcamientosMoto.fid--175d4967_1a012c2fafb_2788,65654,APARCAMOTOS_050,Esq. Cañon,"CALLE CORTINA DEL MUELLE, 13 ",POINT (-4.4184990000181115 36.719544037626406),,,,24 h.,,MUNICIPAL,No,No,32
da_aparcamientosMoto.fid--175d4967_1a012c2fafb_2789,65613,APARCAMOTOS_019,Esq. Puerta del Mar,"CALLE ATARAZANAS, 1 ",POINT (-4.423012000018231 36.718459037625024),,,,De 9 a 21 h.,,MUNICIPAL,No,No,30
da_aparcamientosMoto.fid--175d4967_1a012c2fafb_278a,65749,APARCAMOTOS_249,Esq. con Avda. Cervantes,"CALLE ALCALDE PEDRO LUIS ALONSO, 1 ",POINT (-4.415844000018047 36.720049037627014),,,,24 h.,,MUNICIPAL,No,No,17
da_aparcamientosMoto.fid--175d4967_1a012c2fafb_278b,65727,APARCAMOTOS_225,,"CALLE MANUEL DE PALACIO, 16 ",POINT (-4.37030500001693 36.725220037633775),,,,,,MUNICIPAL,No,No,10
da_aparcamientosMoto.fid--175d4967_1a012c2fafb_278c,65782,APARCAMOTOS_323,C/ Enrique Van Dulken esq. C/ Maestro Vert,"CALLE ENRIQUE VAN DULKEN, 9 ",POINT (-4.498802150020295 36.66482823755637),,,,,,MUNICIPAL,No,No,10
da_aparcamientosMoto.fid--175d4967_1a012c2fafb_278d,65724,APARCAMOTOS_155,,"PASEO MARÍTIMO PABLO RUIZ PICASSO, 10 ",POINT (-4.406544000017802 36.71984303762679),,,,,,MUNICIPAL,No,No,22
da_aparcamientosMoto.fid--175d4967_1a012c2fafb_278e,65852,APARCAMOTOS_058,Esq. Picacho,"CALLE VICTORIA, 48 ",POINT (-4.415489000018052 36.72464403763288),,,,24 h.,,MUNICIPAL,No,No,10
da_aparcamientosMoto.fid--175d4967_1a012c2fafb_278f,65758,APARCAMOTOS_263,Esq. con Cl. Fernando Camino,"CALLE ARENAL, 13 ",POINT (-4.409357000017881 36.71905203762583),,,,24 h.,,MUNICIPAL,No,No,10
da_aparcamientosMoto.fid--175d4967_1a012c2fafb_2790,65868,APARCAMOTOS_332,,"CALLE LA MERCED, 2 ",POINT (-4.4176064800181045 36.72411672763223),,,,,,MUNICIPAL,No,No,19
da_aparcamientosMoto.fid--175d4967_1a012c2fafb_2791,65628,APARCAMOTOS_072,Esq. Escultor Marín Higuero,"AVENIDA DE PÍO BAROJA, 9 ",POINT (-4.364353000016783 36.720462037627726),,,,24 h.,,MUNICIPAL,No,No,6
da_aparcamientosMoto.fid--175d4967_1a012c2fafb_2792,65636,APARCAMOTOS_071,Esq. calle Ortega Munilla,"AVENIDA DE LA ESTACIÓN DE EL PALO, 6 ",POINT (-4.3614780000167155 36.72041903762759),,,,Laborables 8 a 20 h.,,MUNICIPAL,No,No,26
da_aparcamientosMoto.fid--175d4967_1a012c2fafb_2793,65585,APARCAMOTOS_188,,"CALLE PINOSOL, 21 ",POINT (-4.410005000017915 36.72628103763503),,,,24 h,,MUNICIPAL,No,No,10
da_aparcamientosMoto.fid--175d4967_1a012c2fafb_2794,65744,APARCAMOTOS_261,Esq. con Cl. Somera,"CALLE DUQUESA DE PARCENT, 7 ",POINT (-4.423302000018229 36.71469503762026),,,,24 h.,,MUNICIPAL,No,No,10
da_aparcamientosMoto.fid--175d4967_1a012c2fafb_2795,65622,APARCAMOTOS_032,Esq. Martínez Campos,"CALLE DUQUESA DE PARCENT, 2 ",POINT (-4.422518000018206 36.71554603762132),,,,Laborables 8 a 20 h.,,MUNICIPAL,No,No,17
da_aparcamientosMoto.fid--175d4967_1a012c2fafb_2796,75544,APARCAMOTOS_318,Esquina con Avenida Cervantes,"CALLE CORTINA DEL MUELLE, 25 ",POINT (-4.417718107318194 36.71959129570693),,,,Excepto Carga y Descarga en días laborables de 8 a 20h. RESTO HORARIO MOTOS,,MUNICIPAL,No,No,43
da_aparcamientosMoto.fid--175d4967_1a012c2fafb_2797,65598,APARCAMOTOS_206,Esq. Dean García Mota,"CALLE CORTINA DEL MUELLE, 25 ",POINT (-4.4174930000180925 36.71958703762643),,,,24 h,,MUNICIPAL,No,No,44
da_aparcamientosMoto.fid--175d4967_1a012c2fafb_2798,65827,APARCAMOTOS_089,,"AVENIDA DE LA CIBELES, 3 ",POINT (-4.420619756001578 36.73906256548356),,,,Laborables 8 a 20h ,,MUNICIPAL,No,No,10
da_aparcamientosMoto.fid--175d4967_1a012c2fafb_2799,65705,APARCAMOTOS_181,,"CALLE ALMERÍA, 24 ",POINT (-4.35784200001663 36.720805037628196),,,,24 h,,MUNICIPAL,No,No,12
da_aparcamientosMoto.fid--175d4967_1a012c2fafb_279a,78103,APARCAMOTOS_349,Esq. Eolo,"AVENIDA DE PLUTARCO, 75 ",POINT (-4.474257422585746 36.72101969841511),,,,,,MUNICIPAL,No,No,10
da_aparcamientosMoto.fid--175d4967_1a012c2fafb_279b,65752,APARCAMOTOS_258,Esq. con San Lorenzo,"CALLE DE PINZÓN, 5 ",POINT (-4.423886000018245 36.71476403762032),,,,24 h.,,MUNICIPAL,No,No,6
da_aparcamientosMoto.fid--175d4967_1a012c2fafb_279c,65706,APARCAMOTOS_182,"Esq, con Cl. Edom","CALLE EDUARDO CARVAJAL, 7 ",POINT (-4.441617000018731 36.715639037621436),,,,24 h,,MUNICIPAL,No,No,11
da_aparcamientosMoto.fid--175d4967_1a012c2fafb_279d,65663,APARCAMOTOS_106,Esq. Edom,"CALLE MONSEÑOR ÓSCAR ROMERO, 1 ",POINT (-4.440189000018698 36.715460037621185),,,,24 h.,,MUNICIPAL,No,No,23
da_aparcamientosMoto.fid--175d4967_1a012c2fafb_279e,65831,APARCAMOTOS_109,Esq. Eduardo Marquina,"CALLE LASSO DE LA VEGA, 17 ",POINT (-4.438626766223452 36.70328115863312),,,,24 h.,,MUNICIPAL,No,No,15
da_aparcamientosMoto.fid--175d4967_1a012c2fafb_279f,75527,APARCAMOTOS_334,Esquina con Lope de Rueda,"CALLE ESCRITORA ANA MARÍA MATUTE, 1 ",POINT (-4.480582295780834 36.73776100730269),,,,,,MUNICIPAL,No,No,10
da_aparcamientosMoto.fid--175d4967_1a012c2fafb_27a0,65616,APARCAMOTOS_004,Esq. con Cl. Pinzón,"ALAMEDA DE COLÓN, 20 ",POINT (-4.424475431460522 36.71468892342034),,,,Laborables 8 a 20 h.,,MUNICIPAL,No,No,36
da_aparcamientosMoto.fid--175d4967_1a012c2fafb_27a1,65833,APARCAMOTOS_111,Esq. con Cl. Marqués de Valdeflores,"CALLE HÉROE DE SOSTOA, 107 ",POINT (-4.440020844358976 36.70435852055253),,,,24h,,MUNICIPAL,No,No,13
da_aparcamientosMoto.fid--175d4967_1a012c2fafb_27a2,80475,APARCAMOTOS_387,C/ Nuñez Vela esquina con Poeta Ximénez Molina,"CALLE NÚÑEZ VELA, 19 ",POINT (-4.450043635415401 36.72622362114309),,,,,,MUNICIPAL,No,No,16
da_aparcamientosMoto.fid--175d4967_1a012c2fafb_27a3,65682,APARCAMOTOS_157,Esquina con Santa Rosa de Lima,"CALLE ARGÉNTEA, 39 ",POINT (-4.448367837761975 36.72180994345432),,,,24h,,MUNICIPAL,No,No,20
da_aparcamientosMoto.fid--175d4967_1a012c2fafb_27a4,65686,APARCAMOTOS_162,Esq. Corregidor Ruíz de Pereda,"CALLE CORREGIDOR FRANCISCO DE MOLINA, 1 ",POINT (-4.448044000018905 36.713788037619),,,,24 h,,MUNICIPAL,No,No,55
da_aparcamientosMoto.fid--175d4967_1a012c2fafb_27a5,65592,APARCAMOTOS_201,Bolsa de Aparcamiento,"CALLE PADRE MARTÍN, 4 ",POINT (-4.450468000019026 36.7292660376387),,,,24 h,,MUNICIPAL,No,No,7
da_aparcamientosMoto.fid--175d4967_1a012c2fafb_27a6,65866,APARCAMOTOS_326,C/ ARGENTEA Nº: DEL 56 AL 62,"CALLE ARGÉNTEA, 56 ",POINT (-4.448290490018934 36.72186332762928),,,,24h,,MUNICIPAL,No,No,30
da_aparcamientosMoto.fid--175d4967_1a012c2fafb_27a7,65822,APARCAMOTOS_040,,"CALLE HÉROE DE SOSTOA, 1 ",POINT (-4.430803000018419 36.71143103761602),,,,24 h,,MUNICIPAL,No,No,55
da_aparcamientosMoto.fid--175d4967_1a012c2fafb_27a8,80033,APARCAMOTOS_383,Avenida Gregorio Prieto esquina con C/ Franz Kafka,"AVENIDA DE GREGORIO PRIETO, 25 ",POINT (-4.463404467882063 36.716371235926054),,,,,,MUNICIPAL,No,No,10
da_aparcamientosMoto.fid--175d4967_1a012c2fafb_27a9,78102,APARCAMOTOS_348,Esq. Bv Louis Pasteur,"AVENIDA DE GREGORIO PRIETO, 8 ",POINT (-4.4639197128738495 36.71765798744495),,,,,,MUNICIPAL,No,No,10
da_aparcamientosMoto.fid--175d4967_1a012c2fafb_27aa,78441,APARCAMOTOS_371,C/ Corregidor José Viciana N.º 2,"CALLE CORREGIDOR JOSÉ VICIANA, 2 ",POINT (-4.449128920197333 36.71722253100631),,,,,,MUNICIPAL,No,No,10
da_aparcamientosMoto.fid--175d4967_1a012c2fafb_27ab,65853,APARCAMOTOS_057,Esq. Plz Victoria,"CALLE VICTORIA, 106 ",POINT (-4.414084000018016 36.72650303763525),,,,L 7:30 a 14:30 h.,,MUNICIPAL,No,No,31
da_aparcamientosMoto.fid--175d4967_1a012c2fafb_27ac,65687,APARCAMOTOS_163,,"CALLE VICTORIA, 20 ",POINT (-4.416258000018073 36.723710037631754),,,,24 h.,,MUNICIPAL,No,No,21
da_aparcamientosMoto.fid--175d4967_1a012c2fafb_27ad,78110,APARCAMOTOS_352,Esq. Banda del Mar,"AVENIDA DE SALVADOR ALLENDE, 39 ",POINT (-4.359320134616767 36.719317344317524),,,,,,MUNICIPAL,No,No,20
da_aparcamientosMoto.fid--175d4967_1a012c2fafb_27ae,65690,APARCAMOTOS_166,Esq. Paseo Marítimo Pablo Ruiz Picasso.,"CALLE IDRIS, 6 ",POINT (-4.396638000017565 36.72275003763055),,,,24 h.,,MUNICIPAL,No,No,20
da_aparcamientosMoto.fid--175d4967_1a012c2fafb_27af,65650,APARCAMOTOS_107,Esq. Avda. La Paloma,"AVENIDA DE EUROPA, 51 ",POINT (-4.445343017596934 36.70266398043062),,,,LV 9-21 y Sa 9-14 h.,,MUNICIPAL,No,No,16
da_aparcamientosMoto.fid--175d4967_1a012c2fafb_27b0,78108,APARCAMOTOS_351,,"AVENIDA DE SALVADOR ALLENDE, 92 ",POINT (-4.35794174003861 36.719114088714385),,,,,,MUNICIPAL,No,No,7
da_aparcamientosMoto.fid--175d4967_1a012c2fafb_27b1,65806,APARCAMOTOS_290,Esquina con Pasaje Noblejas,"CALLE PEREGRINO, 36 ",POINT (-4.428333000018359 36.71428403761967),,,,24 h.,,MUNICIPAL,No,No,22
da_aparcamientosMoto.fid--175d4967_1a012c2fafb_27b2,65698,APARCAMOTOS_174,,"AVENIDA DE SALVADOR ALLENDE, 334 ",POINT (-4.349162000016421 36.71740503762382),,,,24 h,,MUNICIPAL,No,No,13
da_aparcamientosMoto.fid--175d4967_1a012c2fafb_27b3,78293,APARCAMOTOS_367,"C/ Marmolista, nº 18","CALLE MARMOLISTA, 18 ",POINT (-4.417675657983046 36.73640379533185),,,,,,MUNICIPAL,No,No,9
da_aparcamientosMoto.fid--175d4967_1a012c2fafb_27b4,65718,APARCAMOTOS_147,Frente al número 274.,"AVENIDA DE SALVADOR ALLENDE, 270 ",POINT (-4.351199000016472 36.71777003762426),,,,24 h.,,MUNICIPAL,No,No,10
da_aparcamientosMoto.fid--175d4967_1a012c2fafb_27b5,65799,APARCAMOTOS_281,,"CALLE MIGUEL SEL GÓMEZ DE LA CRUZ, 3 ",POINT (-4.375016000017054 36.72983303763962),,,,24 h.,,MUNICIPAL,No,No,9
da_aparcamientosMoto.fid--175d4967_1a012c2fafb_27b6,65699,APARCAMOTOS_175,Junto a Corte Inglés,"CALLE HILERA, 3 ",POINT (-4.427387000018346 36.717647037623976),,,,24 h.,,MUNICIPAL,No,No,23
da_aparcamientosMoto.fid--175d4967_1a012c2fafb_27b7,65759,APARCAMOTOS_297,Esq. Calle La Unión,"PASAJE SANTO TOMÁS, 3 ",POINT (-4.440581120018686 36.71077047761523),,,,,,MUNICIPAL,No,No,21
da_aparcamientosMoto.fid--175d4967_1a012c2fafb_27b8,65689,APARCAMOTOS_165,,"CALLE VIRGEN DE FLORES, 23 ",POINT (-4.443108000018786 36.720465037627555),,,,Lectivos 8 a 15 h.,,MUNICIPAL,No,No,15
da_aparcamientosMoto.fid--175d4967_1a012c2fafb_27b9,65648,APARCAMOTOS_103,Esq. Unión,"CALLE LA UNIÓN, 81 ",POINT (-4.443380311150246 36.708923700974225),,,,24 h.,,MUNICIPAL,No,No,11
da_aparcamientosMoto.fid--175d4967_1a012c2fafb_27ba,65781,APARCAMOTOS_324,,"PLAZA DE ENRIQUE NAVARRO, 4 ",POINT (-4.428938610018389 36.7162651676222),,,,,,MUNICIPAL,No,No,20
da_aparcamientosMoto.fid--175d4967_1a012c2fafb_27bb,65813,APARCAMOTOS_048,Esquina con Cl. Canales,"CALLE PLAZA DE TOROS VIEJA, 6 ",POINT (-4.42711400001832 36.71226703761709),,,,Laborables 8 a 20 h.,,MUNICIPAL,No,No,24
da_aparcamientosMoto.fid--175d4967_1a012c2fafb_27bc,65741,APARCAMOTOS_244,Esq. Cl. Amarguillo,"CALLE LA UNIÓN, 66 ",POINT (-4.442727000018749 36.709392037613405),,,,,,MUNICIPAL,No,No,7
da_aparcamientosMoto.fid--175d4967_1a012c2fafb_27bd,65633,APARCAMOTOS_082,Esq. Faro,"CALLE REDING, 17 ",POINT (-4.411187768000395 36.7177178436313),,,,24 h.,,MUNICIPAL,No,No,10
da_aparcamientosMoto.fid--175d4967_1a012c2fafb_27be,65802,APARCAMOTOS_286,Esquina con Cl. Sánchez Albarrán,"CALLE SANCHO MIRANDA, 9 ",POINT (-4.419947000018233 36.74784603766236),,,,,,MUNICIPAL,No,No,6
da_aparcamientosMoto.fid--175d4967_1a012c2fafb_27bf,65757,APARCAMOTOS_264,Esq. con Cl. Maestranza,"CALLE FERNANDO CAMINO, 13 ",POINT (-4.409115000017878 36.719579037626524),,,,24 h.,,MUNICIPAL,No,No,10
da_aparcamientosMoto.fid--175d4967_1a012c2fafb_27c0,78119,APARCAMOTOS_361,,"CALLE MIGUEL DE MÉRIDA NICOLICH, 1 ",POINT (-4.457843821287387 36.68472408400485),,,,,,MUNICIPAL,No,No,10
da_aparcamientosMoto.fid--175d4967_1a012c2fafb_27c1,65803,APARCAMOTOS_285,Esquina con Cl. Rodrígo de Narváez,"CALLE RODRIGO NARVÁEZ, 12 ",POINT (-4.446979000018903 36.722997037630776),,,,,,MUNICIPAL,No,No,10
da_aparcamientosMoto.fid--175d4967_1a012c2fafb_27c2,65685,APARCAMOTOS_160,Esq. con Cl. Salitre,"CALLE PLAZA DE TOROS VIEJA, 14 ",POINT (-4.42806400001836 36.71293403761801),,,,24h,,MUNICIPAL,No,No,23
da_aparcamientosMoto.fid--175d4967_1a012c2fafb_27c3,65676,APARCAMOTOS_135,Esq. con Cl. Constancia,"CALLE PLAZA DE TOROS VIEJA, 9 ",POINT (-4.42743390800403 36.71245868027905),,,,24 H,,MUNICIPAL,No,No,10
da_aparcamientosMoto.fid--175d4967_1a012c2fafb_27c4,65696,APARCAMOTOS_171,Esq.Maestranza,"CALLE PERIODISTA LEOVIGILDO CABALLERO GUTIÉRREZ, 1 ",POINT (-4.410849000017921 36.71979303762674),,,,Laborables 8 a 20 h.,,MUNICIPAL,No,No,4
da_aparcamientosMoto.fid--175d4967_1a012c2fafb_27c5,76694,APARCAMOTOS_342,,"CALLE JUAN DE HERRERA, 30 ",POINT (-4.428005699067489 36.725549826417556),,,,,,MUNICIPAL,No,No,10
da_aparcamientosMoto.fid--175d4967_1a012c2fafb_27c6,78554,APARCAMOTOS_375,"C/ Don Juan de Austria N.º 33, esquina con C/ La Regente","CALLE DON JUAN DE AUSTRIA, 33 ",POINT (-4.428862573629474 36.72567829736694),,,,,,MUNICIPAL,No,No,12
da_aparcamientosMoto.fid--175d4967_1a012c2fafb_27c7,65739,APARCAMOTOS_241,Esq. Cl. La Regente,"CALLE DON JUAN DE AUSTRIA, 35 ",POINT (-4.428802000018403 36.72598703763461),,,,24 h.,,MUNICIPAL,No,No,10
da_aparcamientosMoto.fid--175d4967_1a012c2fafb_27c8,65595,APARCAMOTOS_204,Esq. con Cl. Carretería,"CALLE CARRETERÍA, 88 ",POINT (-4.421678000018216 36.72401503763205),,,,24 h,,MUNICIPAL,No,No,13
da_aparcamientosMoto.fid--175d4967_1a012c2fafb_27c9,78116,APARCAMOTOS_357,,"PLAZA DE JOHN F. KENNEDY, 2 ",POINT (-4.423610407062384 36.74994834646723),,,,,,MUNICIPAL,No,No,6
da_aparcamientosMoto.fid--175d4967_1a012c2fafb_27ca,65838,APARCAMOTOS_018,Esquina con Cl. Montalbán,"CALLE ANGOSTA DEL CARMEN, 17 ",POINT (-4.428395000018363 36.71495403762052),,,,24 h.,,MUNICIPAL,No,No,14
da_aparcamientosMoto.fid--175d4967_1a012c2fafb_27cb,65662,APARCAMOTOS_059,,"AVENIDA DE LA AURORA, 25 ",POINT (-4.4319120000184675 36.71620103762214),,,,24 h.,,MUNICIPAL,No,No,26
da_aparcamientosMoto.fid--175d4967_1a012c2fafb_27cc,80689,APARCAMOTOS_389,Paseo de los Curas esquina con Avenida Cánovas del Castillo,"PASEO DE LOS CURAS, 2 ",POINT (-4.413140477822558 36.71954233366271),,,,,,MUNICIPAL,No,No,85
da_aparcamientosMoto.fid--175d4967_1a012c2fafb_27cd,65791,APARCAMOTOS_275,,"PASEO DE LOS CURAS, 1 ",POINT (-4.418849000018117 36.718002037624416),,,,24 h.,,MUNICIPAL,No,No,64
da_aparcamientosMoto.fid--175d4967_1a012c2fafb_27ce,79310,APARCAMOTOS_381,Paseo de Los Curas esquina con la Plaza La Marina,"PASEO DE LOS CURAS, 1 ",POINT (-4.419324102044423 36.71787908260901),,,,,,MUNICIPAL,No,No,40
da_aparcamientosMoto.fid--175d4967_1a012c2fafb_27cf,65826,APARCAMOTOS_086,Esq. con Cl. Topete,"PASEO MARÍTIMO CIUDAD DE MELILLA, 9 ",POINT (-4.412367269414721 36.715920394118456),,,,24 h.,,MUNICIPAL,No,No,14
da_aparcamientosMoto.fid--175d4967_1a012c2fafb_27d0,65599,APARCAMOTOS_207,Esq. Alcalde Pedro Luis Alonso,"AVENIDA DE CERVANTES, 2 ",POINT (-4.415992000018053 36.71982303762681),,,,24 h,,MUNICIPAL,No,No,11
da_aparcamientosMoto.fid--175d4967_1a012c2fafb_27d1,79141,APARCAMOTOS_378,Avenida Cervantes esquina con C/ Juan Luis Peralta,"AVENIDA DE CERVANTES, 3 ",POINT (-4.416389021699958 36.719725982857135),,,,,,MUNICIPAL,No,No,20
da_aparcamientosMoto.fid--175d4967_1a012c2fafb_27d2,79311,APARCAMOTOS_382,Avenida Cervantes esquina con C/ Juan Luis Peralta,"AVENIDA DE CERVANTES, 3 ",POINT (-4.416369528314361 36.71970621542543),,,,,,MUNICIPAL,No,No,20
da_aparcamientosMoto.fid--175d4967_1a012c2fafb_27d3,65824,APARCAMOTOS_075,Esq. Angel Guimera,"CALLE BOLIVIA, 222 ",POINT (-4.371865242736606 36.72106268631479),,,,24 h.,,MUNICIPAL,No,No,27
da_aparcamientosMoto.fid--175d4967_1a012c2fafb_27d4,65640,APARCAMOTOS_090,Esq. Avenida Santiago Ramón y Cajal,"CALLE DOLORES CORTÉS, 5 ",POINT (-4.4235728681270725 36.7478124227695),,,,Días lectivos de 7:30 a 19h.,,MUNICIPAL,No,No,14
da_aparcamientosMoto.fid--175d4967_1a012c2fafb_27d5,65637,APARCAMOTOS_085,Esq. Pl. de la Malagueta,"PLAZA DE LA MALAGUETA, 5 ",POINT (-4.410066000017891 36.71784503762425),,,,24 h.,,MUNICIPAL,No,No,25
da_aparcamientosMoto.fid--175d4967_1a012c2fafb_27d6,65745,APARCAMOTOS_259,Esq. con Avda. Manuel Agustín Heredia,"CALLE SAN LORENZO, 33 ",POINT (-4.4234880000182315 36.71406003761944),,,,24 h.,,MUNICIPAL,No,No,10
da_aparcamientosMoto.fid--175d4967_1a012c2fafb_27d7,65817,APARCAMOTOS_288,Esq. con Cl. Don Cristian,"CALLE PESO DE LA HARINA, 15 ",POINT (-4.4314010000184645 36.720629037627766),,,,,,MUNICIPAL,No,No,11
da_aparcamientosMoto.fid--175d4967_1a012c2fafb_27d8,65635,APARCAMOTOS_077,,"CALLE BOLIVIA, 157 ",POINT (-4.369024000016888 36.72026203762747),,,,24 h,,MUNICIPAL,No,No,25
da_aparcamientosMoto.fid--175d4967_1a012c2fafb_27d9,65609,APARCAMOTOS_069,,"ALAMEDA DE CAPUCHINOS, 40 ",POINT (-4.419007000018159 36.730696037640605),,,,24 h.,,MUNICIPAL,No,No,15
da_aparcamientosMoto.fid--175d4967_1a012c2fafb_27da,75305,APARCAMOTOS_339,,"CALLE OBISPO FERNÁNDEZ DE CÓRDOVA, 2 ",POINT (-4.417968163266431 36.736264521429746),,,,,,MUNICIPAL,No,No, 
da_aparcamientosMoto.fid--175d4967_1a012c2fafb_27db,65728,APARCAMOTOS_229,Intersección c/ Bachiller Serrano,"CALLE GUILLÉN ROBLES, 7 ",POINT (-4.414051000018043 36.734282037645194),,,,,,MUNICIPAL,No,No,10
da_aparcamientosMoto.fid--175d4967_1a012c2fafb_27dc,65844,APARCAMOTOS_078,Esq. Practicante Pedro Román,"CALLE BOLIVIA, 119 ",POINT (-4.374503000017019 36.72154503762905),,,,24 h,,MUNICIPAL,No,No,20
da_aparcamientosMoto.fid--175d4967_1a012c2fafb_27dd,65634,APARCAMOTOS_076,Esq. con Cl. Cesar Riario,"CALLE BOLIVIA, 73 ",POINT (-4.37733493747036 36.72157867029008),,,,Laborables 8 a 20 h.,,MUNICIPAL,No,No,23
da_aparcamientosMoto.fid--175d4967_1a012c2fafb_27de,78130,APARCAMOTOS_366,,"CALLE BOLIVIA, 52 ",POINT (-4.378795069456116 36.72146327417222),,,,,,MUNICIPAL,No,No,10
da_aparcamientosMoto.fid--175d4967_1a012c2fafb_27df,65840,APARCAMOTOS_029,Nº17,"CALLE COMPOSITOR LEHMBERG RUIZ, 17 ",POINT (-4.4344920000185395 36.71790503762432),,,,Laborales 8 a 21 h.,,MUNICIPAL,No,No,22
da_aparcamientosMoto.fid--175d4967_1a012c2fafb_27e0,65769,APARCAMOTOS_308,Esq. C/Eduardo Marquina,"CALLE ABOGADO FEDERICO ORELLANA TOLEDANO, 6 ",POINT (-4.439250520018635 36.70245758760463),,,,,,MUNICIPAL,No,No,8
da_aparcamientosMoto.fid--175d4967_1a012c2fafb_27e1,80500,APARCAMOTOS_388,C/ Godino esquina con Avenida Doctor Marañón,"CALLE GODINO, 14 ",POINT (-4.428761575220552 36.730101202034504),,,,,,MUNICIPAL,No,No,15
da_aparcamientosMoto.fid--175d4967_1a012c2fafb_27e2,65596,APARCAMOTOS_187,Frente a Cl. Postigo de Arance.,"AVENIDA DE LA ROSALEDA, 8 ",POINT (-4.425377000018306 36.72278603763054),,,,24 h,,MUNICIPAL,No,No,30
da_aparcamientosMoto.fid--175d4967_1a012c2fafb_27e3,65604,APARCAMOTOS_213,Esq. Emilio la Cerda,"CALLE ALTAMIRA, 39 ",POINT (-4.437474000018583 36.70239303760458),,,,24 h,,MUNICIPAL,No,No,8
da_aparcamientosMoto.fid--175d4967_1a012c2fafb_27e4,65669,APARCAMOTOS_118,Esq. Kandisky,"AVENIDA DEL DOCTOR MANUEL DOMÍNGUEZ, 6 ",POINT (-4.466535151024236 36.714791591526485),,,,24 h.,,MUNICIPAL,No,No,17
da_aparcamientosMoto.fid--175d4967_1a012c2fafb_27e5,65647,APARCAMOTOS_105,Esq. Avenida Ortega y Gasset,"CALLE MAX ESTRELLA, 14 ",POINT (-4.464813843388858 36.707035731782604),,,,24 h.,,MUNICIPAL,No,No,31
da_aparcamientosMoto.fid--175d4967_1a012c2fafb_27e6,65700,APARCAMOTOS_176,"Esq, -Calixto y Melibea","ROBINSON CRUSOE, 22 ",POINT (-4.463553000019346 36.71102603761547),,,,24 h.,,MUNICIPAL,No,No,3
da_aparcamientosMoto.fid--175d4967_1a012c2fafb_27e7,65646,APARCAMOTOS_102,Esq. Shanti Andia,"CALLE MAX ESTRELLA, 2 ",POINT (-4.462097000019302 36.70859703761235),,,,De 9 a 22 h.,,MUNICIPAL,No,No,33
da_aparcamientosMoto.fid--175d4967_1a012c2fafb_27e8,75543,APARCAMOTOS_336,Esquina con Rio Arnoya,"CALLE CORREGIDOR FRANCISCO DE LUJÁN, 11 ",POINT (-4.450817701674907 36.7111150817993),,,,24h,,MUNICIPAL,No,No,10
da_aparcamientosMoto.fid--175d4967_1a012c2fafb_27e9,78392,APARCAMOTOS_344,Av. Nehemias esq. C/ Sanhedún,"AVENIDA DE NEHEMÍAS, 1 ",POINT (-4.455401146679442 36.70456104267907),,,,,,MUNICIPAL,No,No,12
da_aparcamientosMoto.fid--175d4967_1a012c2fafb_27ea,65602,APARCAMOTOS_211,,"CALLE CORREGIDOR FRANCISCO DE LUJÁN, 5 ",POINT (-4.449764700627578 36.71131625812081),,,,24 h,,MUNICIPAL,No,No,5
da_aparcamientosMoto.fid--175d4967_1a012c2fafb_27eb,65820,APARCAMOTOS_012,Nº 19,"AVENIDA DE LA AURORA, 28 ",POINT (-4.432184000018476 36.71639103762235),,,,De 8 a 20 h.,,MUNICIPAL,No,No,9
da_aparcamientosMoto.fid--175d4967_1a012c2fafb_27ec,80146,APARCAMOTOS_385, C/ Emilio Prados esquina con Avenida Sor Teresa Prat,"CALLE EMILIO PRADOS, 19 ",POINT (-4.441972742401847 36.69726334193377),,,,,,MUNICIPAL,No,No,10
da_aparcamientosMoto.fid--175d4967_1a012c2fafb_27ed,65735,APARCAMOTOS_238,,"CALLE MANUEL ALTOLAGUIRRE, 15 ",POINT (-4.443025000018725 36.69669503759726),,,,24 h.,,MUNICIPAL,No,No,11
da_aparcamientosMoto.fid--175d4967_1a012c2fafb_27ee,65819,APARCAMOTOS_011,Nº 22,"AVENIDA DE LA AURORA, 22 ",POINT (-4.431227000018452 36.71633903762229),,,,De 8 a 20 h.,,MUNICIPAL,No,No,11
da_aparcamientosMoto.fid--175d4967_1a012c2fafb_27ef,65665,APARCAMOTOS_115,Esq. Avda. de Velázquez,"CALLE FRIGILIANA, 3 ",POINT (-4.447716772575166 36.69763175023079),,,,24 h.,,MUNICIPAL,No,No,11
da_aparcamientosMoto.fid--175d4967_1a012c2fafb_27f0,65641,APARCAMOTOS_092,Esq. Arturo Reyes,"CALLE ARQUÍMEDES, 2 ",POINT (-4.439305000018709 36.729641037639226),,,,24 h.,,MUNICIPAL,No,No,8
da_aparcamientosMoto.fid--175d4967_1a012c2fafb_27f1,65818,APARCAMOTOS_028,Esq. Hilera,"CALLE COMPOSITOR LEHMBERG RUIZ, 1 ",POINT (-4.430594220775915 36.71816504941662),,,,24h,,MUNICIPAL,No,No,25
da_aparcamientosMoto.fid--175d4967_1a012c2fafb_27f2,65606,APARCAMOTOS_216,Esq. con Cl. Beethoven,"CALLE BEETHOVEN, 6 ",POINT (-4.450239000018919 36.69436903759428),,,,24 h,,MUNICIPAL,No,No,17
da_aparcamientosMoto.fid--175d4967_1a012c2fafb_27f3,65762,APARCAMOTOS_269,Esq. con Avda. de la Luz,"CALLE TRAVESÍA DE LA LUZ, 1 ",POINT (-4.452793000018997 36.696557037597024),,,,24 h.,,MUNICIPAL,No,No,7
da_aparcamientosMoto.fid--175d4967_1a012c2fafb_27f4,65816,APARCAMOTOS_068,Esq. Hilera,"CALLE COMPOSITOR LEHMBERG RUIZ, 2 ",POINT (-4.4307510000184385 36.718163037624606),,,,Laborables 8 a 20h.,,MUNICIPAL,No,No,26
da_aparcamientosMoto.fid--175d4967_1a012c2fafb_27f5,65867,APARCAMOTOS_340,,"CALLE CARRETERÍA, 70 ",POINT (-4.42257100001823 36.723723967631734),,,,,,MUNICIPAL,No,No,
da_aparcamientosMoto.fid--175d4967_1a012c2fafb_27f6,65777,APARCAMOTOS_319,,"CALLE MAESTRO TOMÁS BRETÓN, 31 ",POINT (-4.5033107200204405 36.6619229675527),,,,,,MUNICIPAL,No,No,10
da_aparcamientosMoto.fid--175d4967_1a012c2fafb_27f7,65691,APARCAMOTOS_167,Esq. Juan Luis Peralta,"CALLE GUILLÉN SOTELO, 2 ",POINT (-4.4164290000180655 36.720061037627126),,,,24 h.,,MUNICIPAL,No,No,31
da_aparcamientosMoto.fid--175d4967_1a012c2fafb_27f8,65600,APARCAMOTOS_208,Esq. Don Juan Temboury,"CALLE GUILLÉN SOTELO, 1 ",POINT (-4.416507000018068 36.720061037627076),,,,24 h,,MUNICIPAL,No,No,25
da_aparcamientosMoto.fid--175d4967_1a012c2fafb_27f9,65661,APARCAMOTOS_027,Esq. con Cl. Compositor Lehmberg Ruiz,"CALLE COMPOSITOR LEHMBERG RUIZ, 18 ",POINT (-4.432637000018495 36.717903037624275),,,,Laborables 8 a 21 h.,,MUNICIPAL,No,No,45
da_aparcamientosMoto.fid--175d4967_1a012c2fafb_27fa,78123,APARCAMOTOS_365,,"CALLE DE DEMÓSTENES, 8 ",POINT (-4.477242003058946 36.719294211010265),,,,,,MUNICIPAL,No,No,10
da_aparcamientosMoto.fid--175d4967_1a012c2fafb_27fb,78113,APARCAMOTOS_354,Esq Casas de Campo,"CALLE SAN LORENZO, 14 ",POINT (-4.4244215922779775 36.71568106361928),,,,,,MUNICIPAL,No,No,10
da_aparcamientosMoto.fid--175d4967_1a012c2fafb_27fc,78121,APARCAMOTOS_363,Esq. Obispo Ángel Herrera Oria,"CALLE MANUEL ESPAÑA LOBO, 5 ",POINT (-4.438046234129135 36.7179630230378),,,,,,MUNICIPAL,No,No,10
da_aparcamientosMoto.fid--175d4967_1a012c2fafb_27fd,65586,APARCAMOTOS_306,Esq. Rafael Andrades Navarrete,"AVENIDA DE GREGORIO DIEGO, 30 ",POINT (-4.452092290018954 36.69005151758872),,,,24 h,,MUNICIPAL,No,No,15
da_aparcamientosMoto.fid--175d4967_1a012c2fafb_27fe,65785,APARCAMOTOS_327,,"CAMINO DE SAN RAFAEL, 55 ",POINT (-4.448111210018888 36.707542207611034),,,,,,MUNICIPAL,No,No,12.5
da_aparcamientosMoto.fid--175d4967_1a012c2fafb_27ff,65680,APARCAMOTOS_151,Camino San Rafael nº 97 esquina Glorieta del Carnaval,"CAMINO DE SAN RAFAEL, 97 ",POINT (-4.453956000019052 36.70423503760679),,,,24 h,,MUNICIPAL,No,No,23
da_aparcamientosMoto.fid--175d4967_1a012c2fafb_2800,65804,APARCAMOTOS_282,Esquina con Cl. Casarabonela,"CALLE VALLE DE ABDALAJÍS, 8 ",POINT (-4.44874100001891 36.708680037612545),,,,,,MUNICIPAL,No,No,10
da_aparcamientosMoto.fid--175d4967_1a012c2fafb_2801,65776,APARCAMOTOS_321,C/Valle de Abdalajis esq. Cmno. San,"CALLE VALLE DE ABDALAJÍS, 3 ",POINT (-4.448617930018903 36.70769829761126),,,,,,MUNICIPAL,No,No,10
da_aparcamientosMoto.fid--175d4967_1a012c2fafb_2802,65860,APARCAMOTOS_042,,"CALLE MAURICIO MORO PARETO, 4 ",POINT (-4.434837000018544 36.71415003761951),,,,24 h,,MUNICIPAL,No,No,10
da_aparcamientosMoto.fid--175d4967_1a012c2fafb_2803,65620,APARCAMOTOS_005,Esq. con Cl. Trinidad Grund,"CALLE TRINIDAD GRUND, 39 ",POINT (-4.425007000018276 36.716260037622234),,,,Laborables 8 a 20 h.,,MUNICIPAL,No,No,18
da_aparcamientosMoto.fid--175d4967_1a012c2fafb_2804,78081,APARCAMOTOS_345,Paseo Sancha esquina con C/ Gutenberg,"PASEO DE SANCHA, 12 ",POINT (-4.405412566591712 36.7213919123821),,,,,,MUNICIPAL,No,No,10
da_aparcamientosMoto.fid--175d4967_1a012c2fafb_2805,65751,APARCAMOTOS_252,Esq. con Cl. San Lorenzo,"CALLE TRINIDAD GRUND, 40 ",POINT (-4.424636000018268 36.716436037622394),,,,24 h.,,MUNICIPAL,No,No,10
da_aparcamientosMoto.fid--175d4967_1a012c2fafb_2806,65873,APARCAMOTOS_335,,"PASEO DE SANCHA, 30 ",POINT (-4.4016055700176855 36.72168315762912),,,,,,MUNICIPAL,No,No,10
da_aparcamientosMoto.fid--175d4967_1a012c2fafb_2807,65834,APARCAMOTOS_108,Esq. Concejal Muñoz Cerván,"AVENIDA DE SOR TERESA PRAT, 15 ",POINT (-4.439758000018638 36.69956103760091),,,,24 h.,,MUNICIPAL,No,No,28
da_aparcamientosMoto.fid--175d4967_1a012c2fafb_2808,78294,APARCAMOTOS_368,C/ Ortega Munilla esquina con C/ Sor Lucía,"CALLE ORTEGA MUNILLA, 15 ",POINT (-4.36026372291136 36.719980376529875),,,,,,MUNICIPAL,No,No,17
da_aparcamientosMoto.fid--175d4967_1a012c2fafb_2809,78112,APARCAMOTOS_353,Esq. Plaza de la Solidaridad,"AVENIDA DE LAS AMÉRICAS, 7 ",POINT (-4.433379921936595 36.714405304182286),,,,,,MUNICIPAL,No,No,10
da_aparcamientosMoto.fid--175d4967_1a012c2fafb_280a,65851,APARCAMOTOS_013,Junto a Centro Comercial Larios,"CALLE DE WALT WHITMAN, 3 ",POINT (-4.433674000018512 36.71592003762179),,,,24 h.,,MUNICIPAL,No,No,25
da_aparcamientosMoto.fid--175d4967_1a012c2fafb_280b,78555,APARCAMOTOS_376,"C/ San Jorge N.º 11, esquina con C/ Salamanca","CALLE SAN JORGE, 11 ",POINT (-4.424692621407149 36.728699494178144),,,,,,MUNICIPAL,No,No,10
